2352.2424, -6896.397, 7.57216
2354.559, -6911.881, 12.627225
2358.5476, -6906.6543, 14.129444
2360.7666, -6896.357, 10.329779
2397.8145, -6896.4175, 12.411123
2402.4836, -6889.792, 10.293427
2413.9333, -6883.4033, 8.616275
2424.4507, -6892.567, 10.8178835
2431.3545, -6914.13, 12.900779
2439.6511, -6896.517, 9.541649
2455.7278, -6888.4004, 8.193571
2466.8684, -6890.442, 11.393173
2497.2346, -6918.7754, 17.52068
2496.7913, -6928.75, 21.169819
2496.5427, -6933.2065, 23.498657
2516.7004, -6926.5444, 23.700012
2528.1494, -6910.6763, 21.97608
2554.5422, -6923.4, 26.75022
2559.0327, -6924.462, 25.958231
2568.9558, -6924.2153, 23.4332
2578.8237, -6904.044, 18.73386
2583.4644, -6905.187, 16.342655
2605.4265, -6906.3345, 19.022308
2633.223, -6900.9116, 19.022308
2619.702, -6928.115, 25.080162
2623.8147, -6925.8223, 25.297676
2633.8682, -6906.011, 20.389048
2649.7375, -6916.004, 23.77674
2671.4253, -6912.7305, 23.77674
2680.0183, -6928.905, 27.897697
2682.5303, -6925.2974, 27.838234
2688.6282, -6903.8174, 22.263264
2704.1328, -6883.4175, 12.776483
2730.7126, -6892.094, 11.862745
2747.4963, -6901.9507, 13.773919
2744.4167, -6924.6006, 21.265059
2762.0107, -6924.025, 21.273039
2769.7576, -6903.9097, 17.317076
2776.14, -6887.5776, 10.977399
2794.188, -6868.972, 10.977399
2806.068, -6938.3687, 26.439249
2809.9656, -6926.6616, 25.447765
2826.7273, -6934.1616, 25.447765
2833.2737, -6917.152, 26.7483
2849.5044, -6913.3433, 26.7483
2879.156, -6906.3853, 26.7483
2862.3774, -6932.796, 32.34245
2862.682, -6910.832, 23.451958
2887.84, -6897.4683, 19.487455
2899.2004, -6896.5806, 19.77509
2921.6387, -6884.7876, 17.4057
2922.5764, -6924.912, 26.66085
2927.7502, -6942.029, 34.368355
2933.4712, -6902.6177, 21.972874
2954.6292, -6902.856, 21.035631
2983.9219, -6893.845, 21.035631
2984.5864, -6927.0635, 29.987606
2988.0632, -6929.1445, 31.863739
3004.6868, -6925.3, 32.987625
3016.8535, -6926.5894, 35.241615
3040.3108, -6928.518, 35.241615
3043.0051, -6870.1875, 23.396885
3049.1758, -6929.4077, 34.271854
3056.0886, -6929.4683, 35.33343
3069.4492, -6895.3926, 26.012058
3080.9863, -6914.8994, 28.783464
3096.1655, -6892.6216, 18.003115
3106.9663, -6925.949, 29.043945
3120.5872, -6978.5376, 48.07748
3124.0376, -6952.9443, 42.26674
3144.7354, -6963.8813, 45.82845
3143.1526, -6887.3403, 26.544794
3163.994, -6908.775, 29.859074
3178.4094, -6960.901, 45.274036
3185.7207, -6962.751, 48.08898
3196.5483, -6975.5386, 54.58624
3196.404, -6932.256, 42.51002
3212.915, -6907.4683, 30.719713
3228.2532, -6913.886, 31.649683
3241.201, -6959.8613, 44.780556
3246.0989, -6955.123, 43.264244
3251.5881, -6944.39, 40.467087
3266.6985, -6919.3223, 35.66697
3278.9148, -6916.619, 30.2829
3299.6377, -6970.2114, 47.575405
3303.6345, -6970.414, 49.5855
3312.3105, -6944.51, 44.07615
3317.3315, -6896.775, 31.88624
3336.384, -6917.7354, 36.331345
3347.1316, -6906.8174, 31.351423
3362.9114, -6974.1396, 51.227863
3364.1707, -6962.0024, 48.081665
3379.9263, -6927.717, 42.628304
3397.3135, -6932.1567, 44.139057
3416.221, -6959.024, 53.856827
3424.5261, -6979.768, 62.34585
3427.221, -6953.1743, 54.222843
3429.8135, -6919.5522, 41.513794
3449.396, -6906.859, 38.097008
3469.5774, -6920.943, 39.47156
3482.9695, -6974.999, 56.02196
3483.8682, -6996.0034, 66.303795
3487.8872, -6944.016, 49.923645
3493.9182, -6900.593, 34.673218
3529.4434, -6934.044, 42.258835
3539.2266, -6953.3364, 48.870182
3544.1318, -6978.6577, 59.818825
3546.3982, -6960.487, 55.78178
3549.178, -6913.1055, 40.306908
3562.1826, -6903.9834, 36.20753
3578.4836, -6915.7183, 38.006428
3589.2532, -6931.3154, 40.66091
3600.4128, -6978.0054, 55.841564
3602.8474, -6952.5767, 50.871925
3617.1584, -6917.0674, 41.805405
3633.0408, -6897.614, 36.233276
3653.063, -6933.3716, 45.006912
3662.263, -6967.098, 55.762882
3664.8337, -6953.9087, 52.518627
3667.674, -6925.1924, 42.613274
3677.7112, -6890.7827, 35.565575
3701.104, -6911.002, 37.165348
3720.022, -6947.977, 45.079212
3721.103, -6952.8716, 46.602715
3715.882, -6910.751, 32.00201
3719.6018, -6883.9175, 22.712614
3746.7722, -6885.739, 25.314016
3760.9075, -6889.538, 20.345932
3776.0623, -6923.969, 31.285707
3778.8442, -6930.354, 29.765284
3793.5208, -6932.1094, 28.892836
3787.9639, -6881.9497, 18.92069
3817.2195, -6910.4263, 27.205503
3821.7483, -6904.785, 23.145905
3834.5444, -6938.2236, 37.67934
3846.0864, -6957.629, 45.984665
3848.7864, -6912.9346, 30.960655
3866.858, -6892.565, 28.700445
3881.6826, -6892.478, 26.225105
3891.6177, -6931.0483, 37.266598
3883.7288, -6904.744, 25.185972
3900.7312, -6934.398, 34.88026
3910.2388, -6917.0015, 28.89312
3930.9377, -6893.306, 22.985306
3942.7542, -6883.5903, 19.461079
3939.8523, -6899.418, 18.640778
3945.508, -6906.6523, 18.900223
3960.2117, -6928.8486, 24.658852
3975.6924, -6919.535, 22.251385
4004.5808, -6930.83, 22.251385
4000.4214, -6920.8926, 28.953516
4006.435, -6916.0493, 28.791502
4011.8435, -6918.551, 27.677431
4024.7415, -6908.852, 23.40592
4044.7424, -6903.402, 23.40592
4052.3027, -6871.4136, 15.347007
4064.845, -6914.1797, 22.27237
4066.0012, -6909.2534, 22.463259
4074.1377, -6917.4805, 27.368568
4093.2832, -6906.7275, 23.652561
4116.3354, -6897.0815, 23.652561
4113.701, -6866.741, 16.973177
4124.69, -6902.519, 20.926876
4128.2896, -6914.529, 25.393675
4146.6206, -6923.2017, 31.031797
4153.3906, -6936.5527, 33.45151
4168.2373, -6902.506, 23.855835
4191.9336, -6932.986, 33.829082
4193.5493, -6910.521, 29.133194
4202.6387, -6915.6953, 30.059244
4211.069, -6946.888, 40.277557
4221.286, -6925.5117, 32.84437
4225.105, -6878.4287, 18.294859
4243.8936, -6900.8506, 23.073061
4258.326, -6921.867, 32.83478
4277.446, -6938.5605, 41.43574
4288.499, -6897.158, 27.239622
4296.544, -6914.0947, 30.935001
4310.638, -6925.0933, 34.08902
4311.866, -6913.624, 30.711655
4317.5894, -6915.4854, 34.122208
4341.6504, -6946.6396, 43.763123
4356.027, -6898.9795, 28.083387
4372.784, -6918.346, 33.81401
4369.147, -6906.8423, 30.689323
4389.3843, -6962.061, 52.313393
4393.147, -6959.822, 55.798103
4412.409, -6922.9106, 45.44128
4416.554, -6911.249, 38.972332
4430.4673, -6924.3223, 40.477448
4430.0044, -6906.71, 34.143543
4435.596, -6918.8066, 36.59636
4460.6143, -6949.6323, 47.56682
4471.848, -6916.2026, 36.73308
4483.562, -6893.892, 25.964281
4491.103, -6908.323, 29.408625
4483.0786, -6898.977, 24.950071
4498.719, -6932.5913, 37.29955
4520.528, -6962.4917, 50.59052
4531.0806, -6926.81, 40.843388
4543.5947, -6909.1875, 33.59407
4551.5283, -6924.4233, 38.000145
4554.2534, -6929.9546, 41.43472
4558.194, -6941.194, 45.990177
4591.597, -6941.728, 50.266964
4596.111, -6896.9893, 32.07087
4605.4287, -6928.914, 41.45304
4611.706, -6938.4136, 44.71842
4630.8394, -6963.487, 57.646824
4637.775, -6974.915, 65.40865
4647.5205, -6957.742, 62.948345
4669.249, -6912.8496, 46.30733
4669.153, -6917.9453, 42.97047
4678.804, -6909.7324, 37.475708
4685.8135, -6916.592, 38.33818
4703.7876, -6939.039, 45.83814
4722.0435, -6900.9434, 30.407295
4722.2305, -6900.2007, 25.629831
4729.791, -6925.8813, 34.747612
4736.3525, -6935.018, 39.04337
4765.6123, -6958.613, 49.910473
4780.864, -6928.161, 43.244495
4794.621, -6913.5283, 41.77064
4797.2144, -6905.217, 36.29724
4815.7246, -6971.8926, 55.603916
4824.6167, -7005.3213, 70.271065
4841.3877, -6960.1963, 62.1108
4847.0806, -6916.966, 48.76644
4854.979, -6913.995, 44.60941
4865.9087, -6927.413, 46.757492
4879.428, -6986.3057, 65.05618
4906.798, -7004.279, 79.90589
4913.0015, -6969.663, 74.03327
4912.4917, -6939.33, 62.29266
4914.019, -6929.455, 58.498768
4921.538, -6938.556, 57.457085
4947.365, -7015.246, 81.83821
4960.5415, -7011.489, 85.85569
4971.759, -6954.1865, 73.2223
4967.749, -6927.8975, 61.50526
4983.2046, -6971.114, 74.30565
4995.014, -6997.813, 83.349304
5023.419, -7002.8286, 89.00521
5030.8315, -6974.9023, 81.76437
5033.3154, -6950.418, 73.090454
5030.9, -6929.2837, 64.006805
5049.9326, -6977.1006, 76.44037
5057.875, -6992.335, 78.04542
5080.293, -7013.7515, 88.78757
5087.194, -6971.3506, 77.70578
5089.831, -6939.979, 65.942566
5098.999, -6944.788, 66.3041
5110.356, -6977.9565, 74.949425
5125.657, -7001.6104, 84.182045
5142.595, -7003.6025, 87.250374
5149.3247, -6953.9385, 72.50498
5151.382, -6923.542, 61.354416
5172.746, -6981.5103, 79.07165
5180.8623, -6996.966, 86.3796
5199.1226, -7033.1646, 101.834625
5207.504, -6954.304, 77.49787
5206.9453, -6915.1826, 60.907997
5209.919, -6910.471, 58.19724
5225.142, -6960.3853, 68.33544
5257.491, -7014.694, 89.04012
5267.6284, -6963.4453, 75.653305
5268.624, -6890.025, 48.68362
5267.18, -6900.524, 45.183372
5286.442, -6981.079, 68.76666
5298.2344, -7006.0684, 80.504486
5318.495, -7011.4775, 89.953545
5327.3643, -6961.9873, 77.026085
5341.1157, -6927.651, 60.637566
5345.709, -6967.8135, 71.57647
5351.7285, -6975.609, 74.36723
5375.745, -6956.054, 69.268074
5384.1006, -6933.68, 60.758972
5385.838, -6927.9507, 56.69652
5400.0024, -6966.423, 69.891106
5423.2114, -6999.4937, 84.4652
5434.957, -6970.4766, 77.853584
5447.3574, -6963.7485, 78.44618
5446.6675, -6921.421, 62.965477
5443.276, -6888.5317, 46.7044
5440.1953, -6867.6196, 31.405268
5466.7603, -6952.4907, 54.743
5499.424, -6960.859, 59.707504
5512.4653, -6960.0, 64.51454
5498.795, -6887.4478, 38.572365
5499.0234, -6888.4253, 32.04648
5507.601, -6908.08, 33.41506
5534.8477, -6961.7437, 54.369926
5544.554, -6988.133, 68.289536
5565.7017, -6974.182, 70.441635
5565.365, -6929.295, 55.530586
5565.09, -6907.381, 45.10212
5585.219, -6947.5503, 55.976387
5599.001, -6930.386, 50.83914
5615.076, -6920.967, 46.27249
5624.6396, -6919.6943, 44.937782
5627.248, -6914.2827, 43.21889
5641.7876, -6954.2266, 53.587883
5653.525, -6955.132, 54.25428
5666.8, -6924.172, 46.17732
5683.1987, -6917.2275, 45.222706
5687.5166, -6927.0063, 45.173237
5687.601, -6920.3447, 41.98352
5702.2437, -6958.8115, 53.23595
5723.474, -6958.7725, 55.582375
5737.5264, -6925.9893, 47.228386
5750.155, -6944.0903, 54.31976
5749.282, -6944.0415, 53.417427
5754.3447, -6937.1084, 49.67322
5762.58, -6950.8467, 55.527702
5781.7407, -6955.4214, 57.78974
5791.2734, -6912.9385, 46.125942
5808.4766, -6956.774, 58.39259
5819.246, -6960.2085, 58.07421
5844.0947, -6995.9614, 75.64722
5844.225, -6964.151, 71.59138
5853.1445, -6922.985, 59.50686
5866.3438, -6939.007, 63.83194
5872.551, -6940.0527, 59.954933
5895.3696, -6937.5923, 58.936356
5912.14, -6950.836, 63.55507
5917.4927, -6926.1167, 55.868225
5935.5366, -6962.1313, 65.80801
5935.091, -6965.2534, 68.10264
5945.0366, -6992.8306, 77.87529
5952.78, -6990.063, 81.729866
5968.7007, -6912.4233, 58.535984
5996.53, -6944.7544, 65.27449
5996.5664, -6975.3994, 74.52728
6000.5874, -6976.68, 74.29388
6018.031, -6980.491, 79.05802
6025.312, -6911.2, 57.691776
6027.4834, -6885.337, 45.10314
6043.769, -6939.053, 58.37749
6055.955, -6983.4087, 71.65481
6062.1675, -6987.278, 75.11921
6070.305, -6991.572, 79.257164
6079.969, -6940.7217, 65.17013
6092.671, -6907.672, 53.450405
6103.8066, -6916.2534, 52.090565
6115.72, -6978.811, 72.12255
6128.708, -6958.8, 65.95867
6138.4253, -6951.1562, 64.20954
6150.2363, -6931.072, 57.976448
6163.707, -6936.652, 59.876682
6176.7246, -6970.944, 71.5927
6183.66, -6998.329, 83.39661
6187.876, -6994.697, 84.56775
6200.2104, -6970.849, 80.746864
6212.4126, -6924.288, 63.71059
6225.3574, -6942.338, 66.084885
6236.9697, -6985.7476, 79.96699
6243.458, -6987.9204, 82.0864
6252.761, -6983.8555, 83.261406
6256.09, -6961.781, 77.55685
6269.374, -6924.269, 63.095695
6278.4106, -6924.575, 58.42121
6296.171, -6980.023, 75.05806
6305.281, -6990.7476, 80.074356
6314.7764, -7007.31, 89.82576
6325.715, -6964.2734, 80.08777
6336.095, -6913.5054, 61.73266
6354.335, -6960.964, 75.79263
6362.92, -6983.6724, 82.64388
6365.9697, -6964.194, 74.23364
6384.374, -6976.028, 79.9518
6408.0835, -6939.2866, 64.87209
6418.327, -7001.5903, 83.687744
6425.1733, -6995.019, 85.85182
6432.2393, -7005.0957, 93.08861
6436.5137, -6955.4756, 79.59683
6453.3086, -6941.879, 74.37367
6477.651, -6996.2876, 88.822685
6492.3916, -7036.5293, 106.575356
6497.349, -7017.0347, 106.23007
6495.269, -6990.095, 98.390656
6516.42, -6984.6455, 96.28047
6524.234, -6962.0107, 87.63423
6533.5977, -6989.977, 91.491325
6551.8755, -7030.691, 107.609566
6552.808, -7047.492, 116.11943
6547.4106, -6960.4966, 91.055626
6588.382, -6971.2837, 88.42328
6599.372, -7011.2334, 100.80324
6601.3013, -7029.4395, 107.13452
6611.9604, -7033.7266, 113.72992
6619.4404, -6996.457, 100.694046
6629.933, -6975.492, 92.245285
6656.823, -7004.2593, 99.26648
6664.227, -7041.8716, 117.047104
6675.1294, -7026.2563, 116.190125
6673.5137, -6997.993, 106.24822
6682.8574, -6957.971, 89.32245
6700.2476, -6964.7817, 85.756294
6712.797, -6988.322, 91.17543
6730.657, -7033.0107, 110.71919
6733.512, -6998.327, 100.518776
6735.559, -6970.5796, 89.337494
6758.0034, -6959.6255, 85.35698
6768.5303, -6965.7256, 85.417274
6787.6855, -7010.3687, 101.65218
6793.167, -7002.5615, 99.80344
6800.378, -6968.2266, 87.138054
6806.209, -6944.4517, 75.11973
6820.0874, -6953.194, 75.60486
6831.59, -6985.718, 85.10288
6852.561, -7012.9956, 98.88315
6855.0415, -6970.583, 87.13293
6851.386, -6931.2764, 70.66805
6860.9453, -6926.5146, 61.861225
6871.382, -6970.2017, 69.936935
6900.249, -7023.0938, 93.69109
6906.137, -7036.2407, 104.802475
6907.561, -6971.573, 85.6614
6909.0327, -6950.287, 75.333275
6927.1543, -6990.149, 87.77964
6945.0107, -7023.504, 100.39458
6962.724, -6987.556, 92.50299
6968.33, -7015.9175, 103.2855
6965.9585, -7015.852, 104.762344
6968.762, -6982.467, 93.10095
6984.0835, -6985.7734, 91.661644
7009.93, -6984.36, 89.44074
7014.9385, -6979.52, 83.57917
7014.941, -6964.8296, 76.161934
7025.2827, -6994.733, 86.83208
7042.559, -6987.498, 83.70627
7055.5664, -6997.1587, 88.501495
7073.5127, -6959.0654, 77.48183
7088.509, -7016.6694, 97.92768
7086.7363, -6974.9956, 82.90037
7103.049, -6967.9546, 78.61021
7112.273, -6958.3237, 72.969604
7127.382, -6957.807, 69.86441
7133.16, -6956.4526, 69.88613
7143.9434, -7004.527, 85.257614
7151.762, -6990.615, 82.13859
7167.927, -7002.0977, 86.43996
7181.0176, -7005.8545, 89.26108
7191.2803, -6961.3916, 76.08564
7193.4316, -6938.57, 66.30569
7200.983, -7009.2607, 87.84228
7212.2656, -6988.536, 82.15259
7226.9824, -7003.362, 86.0706
7236.8057, -7010.892, 90.553
7252.094, -6978.5723, 81.682396
7260.8047, -6980.293, 84.16817
7272.4116, -7017.863, 94.62231
7288.8594, -7016.7134, 95.43042
7296.749, -7007.3965, 94.94445
7303.538, -6943.4453, 76.86404
7310.222, -6924.512, 65.016945
7325.6274, -7001.6533, 84.68322
7340.039, -7012.0737, 89.74428
7352.49, -7001.2744, 87.086334
7362.0474, -6997.139, 88.03273
7366.6714, -6949.654, 75.26948
7365.9004, -6946.89, 71.47687
7381.7124, -6974.799, 76.60018
7400.349, -7005.949, 87.50097
7416.4243, -6998.6387, 86.23074
7432.7456, -6980.8296, 82.116005
7439.6694, -6948.2773, 70.38432
7445.093, -6979.42, 77.29964
7465.9033, -6986.8936, 79.20074
7473.2993, -7004.8545, 85.599976
7484.6313, -6982.5396, 80.188156
7492.7, -6961.6426, 74.36937
7496.5635, -6969.2554, 74.93092
7506.8345, -7007.0293, 87.86428
7520.822, -7018.494, 94.43046
7532.7725, -7000.8486, 91.24755
7548.5054, -6961.3584, 79.73521
7553.5747, -6940.4775, 69.42116
7559.289, -6988.553, 81.15686
7571.6987, -7036.0435, 99.048386
7588.636, -7012.531, 95.74404
7600.6924, -6991.532, 90.68646
7611.9404, -6964.8755, 82.10879
7614.3877, -6960.7476, 76.446365
7621.6406, -7002.6123, 88.25234
7641.7393, -7005.2085, 90.43915
7653.2354, -6993.974, 88.819565
7663.8354, -6972.438, 82.71537
7673.457, -6975.4785, 80.9692
7680.655, -7028.4365, 97.50006
7701.375, -7044.133, 107.11733
7713.0005, -7021.6, 104.6612
7716.216, -6963.3237, 83.47532
7729.506, -6976.9116, 80.87662
7738.1455, -6996.986, 85.38651
7760.7085, -7047.1724, 103.7695
7766.6753, -7041.147, 108.763954
7771.4873, -7003.4893, 99.64518
7781.3584, -6957.6733, 81.95618
7797.2837, -6986.334, 86.64336
7810.2515, -7058.733, 109.54624
7832.1177, -7046.322, 110.08879
7833.263, -6984.1953, 95.13441
7835.64, -6962.137, 85.57739
7861.9478, -7025.701, 103.90132
7862.461, -7025.3594, 106.03388
7880.114, -7065.3477, 122.74423
7896.168, -7062.269, 127.84764
7902.6226, -7017.1494, 114.45827
7901.257, -6948.3853, 87.64882
7921.663, -7010.751, 103.40224
7935.1187, -7050.9126, 115.97645
7947.673, -7035.562, 114.466774
7957.332, -7041.7056, 119.29436
7962.0757, -7004.2056, 105.9738
7965.308, -6962.15, 86.923134
7994.2314, -7058.765, 121.05991
7998.813, -7036.807, 115.02077
8012.2456, -7033.239, 117.66309
8019.5693, -7020.207, 113.76664
8030.0396, -6983.482, 98.08143
8032.869, -6973.755, 89.886086
8042.504, -7004.09, 95.93374
8064.4194, -7020.8726, 103.10842
8075.577, -7038.0723, 110.37753
8080.61, -6994.6377, 96.59342
8077.414, -6925.3345, 70.59781
8087.636, -6954.6045, 72.96274
8102.6553, -7023.396, 94.78761
8120.696, -7019.0127, 96.00162
8141.641, -6990.4873, 91.74594
8142.048, -6932.8135, 71.38789
8154.8584, -6983.0737, 80.382576
8160.0776, -7018.5825, 93.282
8176.299, -7032.98, 104.02979
8196.988, -7036.2993, 115.54144
8199.153, -7027.0127, 115.57877
8204.826, -6961.183, 92.40968
8218.653, -7007.7344, 102.24855
8226.866, -7019.7993, 106.38867
8240.434, -7016.884, 106.49139
8252.632, -7031.0703, 112.3837
8260.65, -6972.9478, 93.27241
8264.755, -6955.08, 77.554596
8273.443, -6974.0317, 75.99402
8292.821, -7002.8154, 86.50946
8303.63, -7025.7505, 96.277214
8315.871, -7013.3447, 97.46387
8324.201, -6969.5723, 83.15137
8331.215, -6978.6963, 80.65035
8344.176, -7009.942, 93.289764
8356.91, -7015.981, 97.775276
8364.746, -7019.1562, 99.97088
8379.185, -6986.582, 92.2025
8384.054, -6948.3594, 76.62097
8388.687, -6988.1953, 86.107864
8407.4, -6998.7993, 91.07644
8422.667, -6992.171, 88.82012
8421.563, -6966.6855, 76.47337
8428.07, -6918.384, 53.746063
8428.916, -6899.9907, 40.73001
8444.461, -6948.754, 51.08804
8473.265, -6992.692, 67.71709
8484.28, -6977.906, 63.142864
8497.572, -6939.7314, 53.43234
8494.417, -6916.0215, 43.24092
8511.37, -6976.36, 62.834984
8522.287, -6963.904, 61.447613
8546.939, -6950.2207, 57.04822
8551.532, -6941.2134, 53.085945
8557.896, -6938.925, 48.949677
8573.138, -6978.916, 63.871964
8582.279, -6967.5796, 64.28559
8586.985, -6959.605, 60.61175
8604.976, -6948.1577, 57.09266
8621.852, -6959.4824, 63.330723
8624.179, -6954.125, 61.11541
8636.1045, -6971.4585, 66.92344
8646.432, -6960.2603, 63.039932
8655.322, -6942.4004, 57.937756
8671.59, -6935.794, 54.446537
8683.5625, -6958.5337, 62.255585
8695.718, -6982.5703, 71.55339
8703.358, -6984.412, 73.76857
8708.171, -6949.2896, 63.93886
8719.08, -6936.5005, 58.51073
8736.028, -6962.062, 63.129684
8740.828, -6960.099, 62.915787
8757.536, -7003.2876, 79.29446
8769.464, -7005.318, 83.39598
8783.568, -6969.008, 72.895164
8801.504, -6953.8896, 67.325424
8806.614, -6963.4727, 69.66347
8820.58, -7005.417, 82.0278
8829.216, -7000.8203, 83.80533
8833.245, -6985.4097, 79.97607
8837.98, -6930.8345, 61.813255
8852.007, -6960.615, 68.112816
8863.176, -6967.948, 71.00061
8878.602, -7001.022, 80.81324
8889.228, -7004.2954, 84.65175
8891.553, -6962.886, 74.014
8907.245, -6937.013, 63.647465
8918.636, -6966.532, 71.044716
8928.438, -7001.447, 83.79243
8943.371, -7025.1895, 95.78423
8954.315, -7007.2847, 93.5723
8964.42, -6963.116, 82.01611
8963.879, -6933.609, 68.243126
8978.561, -6975.161, 76.87614
8994.155, -6988.259, 81.30875
9006.065, -6990.2207, 82.48031
9013.248, -6984.9087, 80.254776
9018.699, -6949.2334, 69.58089
9034.263, -6964.6865, 70.87308
9050.767, -6977.25, 75.37901
9066.77, -6993.649, 81.57136
9074.741, -6989.4, 81.2789
9081.754, -6962.0283, 72.997696
9094.321, -6969.5024, 73.28845
9106.177, -6983.4956, 79.49657
9118.833, -7003.3335, 87.95828
9134.255, -7012.5415, 92.57512
9143.162, -6984.281, 86.683075
9147.505, -6938.8926, 70.331276
9156.511, -6938.838, 64.67801
9169.906, -6986.661, 79.9226
9188.8545, -7000.416, 85.646324
9198.147, -6977.399, 79.720604
9204.586, -6952.379, 70.27802
9219.561, -6964.182, 73.13976
9232.219, -6988.705, 82.509415
9245.531, -6991.853, 82.979614
9265.259, -6956.1543, 71.31988
9268.916, -6977.928, 78.792175
9274.339, -6969.9795, 75.906296
9293.004, -7008.8096, 90.15349
9311.917, -7047.907, 106.333015
9310.608, -6982.1045, 88.598785
9315.857, -6941.939, 71.66203
9326.693, -6955.6123, 73.33688
9345.667, -7005.0596, 86.96018
9350.49, -6983.283, 83.27157
9360.827, -6976.91, 82.66143
9375.427, -6974.607, 78.67855
9386.632, -6980.5195, 82.09009
9405.028, -7037.4956, 101.62748
9412.092, -7025.7983, 101.302536
9428.464, -7029.7095, 105.38038
9436.246, -6995.0566, 95.04153
9439.223, -6968.1904, 85.06236
9456.579, -7007.979, 96.59941
9464.277, -7027.967, 102.48653
9474.79, -7036.187, 106.49481
9484.045, -7039.8203, 112.12481
9485.278, -6993.292, 99.06869
9501.128, -6977.453, 90.436935
9520.109, -6984.675, 90.84628
9539.507, -7017.516, 102.66569
9547.604, -7004.6704, 98.62199
9549.574, -6968.598, 87.06151
9555.893, -6975.354, 84.80645
9570.562, -7020.1807, 98.80012
9584.63, -7019.3213, 99.9005
9602.43, -7022.959, 104.710785
9614.84, -7012.208, 102.76209
9613.702, -6943.6953, 78.14997
9625.455, -6947.9966, 73.464584
9641.959, -7005.2373, 88.359985
9652.893, -7019.512, 92.1745
9666.167, -7029.8945, 103.01374
9672.046, -6988.0063, 89.74685
9684.635, -6957.438, 71.244896
9694.259, -6973.3447, 74.591156
9704.276, -7002.9873, 81.756096
9708.312, -7002.6494, 83.79944
9725.067, -7011.0337, 91.03033
9734.293, -6986.4663, 85.78138
9745.069, -6965.531, 78.87754
9753.632, -6996.729, 87.30051
9768.597, -6995.137, 83.94048
9772.851, -7062.3267, 108.374535
9779.282, -6949.662, 72.54399
9799.64, -6937.244, 66.24004
9815.258, -6978.2764, 76.412994
9829.308, -6999.267, 82.17776
9830.163, -7024.5977, 88.82318
9846.893, -6980.8887, 78.88529
9856.964, -6963.835, 74.247185
9879.201, -6982.4365, 76.31291
9876.112, -7039.93, 93.67624
9890.784, -7015.725, 90.18082
9893.44, -6959.5425, 70.71838
9899.594, -6906.2686, 49.721054
9917.806, -6918.47, 47.399284
9933.525, -6942.9424, 46.510223
9930.333, -7027.382, 75.86154
9951.193, -7021.2334, 84.7128
9956.115, -6947.663, 62.49703
9974.928, -6964.788, 68.01719
9983.356, -6958.131, 64.20776
10003.432, -7000.5664, 78.02434
10002.985, -6951.695, 61.624596
10023.037, -6920.3447, 48.2019
10023.07, -6923.563, 47.79151
10038.719, -6936.9775, 51.097824
10047.898, -6948.453, 51.683453
10053.156, -7009.182, 70.97007
10058.529, -6996.246, 70.72499
10070.388, -6945.3887, 56.907787
10090.709, -6940.123, 56.035683
10115.253, -6955.968, 58.778175
10111.148, -7062.2275, 92.978676
10106.767, -7014.4424, 83.796036
10126.525, -6941.1177, 63.890545
10142.595, -6931.475, 58.34785
10166.212, -6984.9307, 70.904236
10173.697, -6998.945, 75.520935
10172.476, -7035.611, 89.564644
10175.496, -7023.0166, 90.8181
10199.219, -6986.0806, 83.04477
10216.55, -6959.4326, 75.35856
10229.649, -6999.931, 85.30541
10227.634, -7029.583, 94.306175
10258.937, -6989.815, 85.78948
10271.797, -6972.168, 80.75441
10285.378, -6989.0254, 84.53687
10289.792, -6996.1855, 85.43238
10292.64, -7023.431, 92.02
10304.358, -6975.0386, 77.91852
10323.035, -6954.022, 69.53913
10337.259, -6951.409, 67.80406
10349.961, -6989.5903, 76.562935
10353.459, -7012.8154, 85.77868
10342.673, -7018.4355, 89.536766
10355.361, -6966.9004, 77.74284
10376.342, -6958.5786, 72.92655
10391.05, -6942.713, 64.94495
10399.467, -7039.953, 93.39026
10411.478, -7024.85, 92.362404
10414.074, -7039.1562, 101.222626
10425.776, -6986.9766, 86.4566
10447.184, -6937.3916, 68.8168
10461.464, -6969.506, 75.52314
10461.653, -7048.9946, 99.00536
10466.453, -7058.865, 105.87008
10491.209, -6983.2397, 87.209236
10499.006, -6973.762, 82.94798
10510.821, -6955.899, 73.851845
10508.638, -7016.4766, 91.812584
10516.437, -7055.3086, 106.36316
10524.714, -7044.8423, 105.765945
10544.874, -7002.012, 96.2611
10561.181, -6942.948, 72.42977
10575.453, -6935.987, 63.61667
10579.085, -7008.964, 82.45364
10584.682, -7038.5913, 92.75532
10599.9795, -6972.737, 72.19463
10614.484, -6938.775, 61.580227
10630.231, -6951.7876, 61.05632
10637.737, -6974.0615, 67.55425
10641.659, -7036.3125, 88.80029
10650.508, -7006.7144, 82.39235
10668.865, -6996.626, 85.1053
10682.787, -6973.401, 81.56628
10691.515, -6970.442, 77.81041
10699.039, -6973.6636, 75.989525
10701.882, -7027.5024, 92.17144
10718.261, -6954.263, 69.91596
10733.459, -6966.2744, 73.202324
10752.494, -6998.9014, 81.866264
10752.374, -6970.947, 73.92276
10758.34, -7025.598, 92.34881
10773.043, -7008.6743, 90.728516
10795.303, -7005.881, 93.67611
10813.017, -7010.0063, 97.06002
10821.19, -7005.6216, 95.73442
10828.674, -7036.343, 107.2419
10825.539, -7066.139, 120.08831
10830.286, -6991.9873, 98.144226
10847.702, -6980.654, 92.315544
10870.134, -7011.0874, 100.78477
10873.328, -7005.345, 96.79616
10874.5, -7016.9526, 98.24963
10877.413, -6986.8623, 88.26957
10893.675, -7006.647, 91.33962
10911.2295, -6981.608, 81.22111
10931.783, -7004.323, 88.44801
10939.547, -6997.5947, 86.26574
10939.382, -7042.2676, 102.05071
10962.271, -7004.2666, 94.12486
10974.832, -6980.794, 86.89188
10989.365, -7006.115, 94.08069
10994.861, -7028.3257, 103.83491
11000.964, -7051.1675, 113.32001
11008.029, -6978.735, 94.96197
11024.34, -6964.3037, 85.501175
11039.654, -6941.4814, 71.089294
11046.008, -6986.2954, 78.748276
11050.207, -7032.5454, 94.27249
