7263.9463, -2643.2559, 119.28101
7263.029, -2645.2031, 119.022415
7274.763, -2595.4807, 96.743034
7289.891, -2495.7017, 53.71836
7267.7144, -2626.051, 81.17108
7259.9067, -2615.4866, 77.07796
7250.7236, -2657.486, 86.05664
7252.317, -2743.5015, 115.60831
7268.936, -2642.5127, 86.48511
7279.3325, -2619.2961, 86.48511
7288.41, -2590.0886, 48.449604
7281.2065, -2615.8613, 44.160652
7272.617, -2634.4675, 41.61052
7263.678, -2646.6702, 36.583424
7263.712, -2691.0994, 47.1155
7259.5454, -2748.8706, 65.91866
7265.3145, -2764.9746, 74.55403
7260.463, -2704.077, 55.708065
7260.6987, -2711.2402, 53.249653
7257.8457, -2833.366, 88.92388
7251.558, -2841.8887, 95.97797
7252.42, -2827.9963, 95.12619
7253.2534, -2804.4158, 85.77595
7267.092, -2819.0706, 84.74289
7262.221, -2848.2397, 90.27696
7256.6333, -2841.8616, 85.40319
7254.09, -2821.9756, 73.28792
7254.349, -2885.8147, 89.68001
7254.9785, -2901.7275, 95.63316
7259.025, -2942.092, 107.67323
7258.344, -2964.0847, 116.38088
7250.781, -2899.542, 93.36657
7257.039, -2937.1619, 97.0697
7257.971, -2955.2002, 100.40449
7261.862, -2977.224, 106.98543
7257.2007, -2987.624, 111.91838
7249.513, -3000.3982, 113.09523
7251.496, -2960.4207, 98.978264
7263.552, -2994.4475, 101.79784
7258.1685, -2942.1938, 78.038536
7253.6587, -2968.9692, 75.53735
7260.9585, -3030.0415, 86.701805
7256.5137, -3050.255, 91.05663
7253.2275, -3047.7085, 90.56522
7253.5728, -3021.902, 78.68792
7250.8486, -3061.5188, 85.92585
7263.7534, -3107.82, 100.59471
7269.5737, -3115.6677, 106.826515
7267.141, -3116.2964, 105.32575
7262.0156, -3146.1672, 110.26765
7261.827, -3149.2725, 110.1322
7264.1514, -3141.3792, 106.71944
7266.319, -3161.1428, 111.426544
7266.1484, -3120.1628, 92.00975
7265.9497, -3189.5986, 105.577934
7263.8613, -3196.3596, 106.75659
7269.151, -3191.264, 105.049644
7280.9517, -3201.0212, 103.02592
7280.558, -3274.785, 123.996895
7269.6655, -3244.5068, 114.803925
7268.4146, -3233.6099, 108.6618
7266.508, -3218.339, 98.82026
7271.2925, -3287.408, 112.851105
7262.716, -3315.8137, 120.83942
7261.7437, -3308.2825, 119.5877
7262.4214, -3276.1526, 106.58902
7267.431, -3280.7197, 100.57158
7268.8335, -3301.57, 100.15036
7272.03, -3314.595, 100.75168
7267.082, -3296.577, 91.211044
7248.899, -3346.4556, 100.989265
7259.0464, -3396.054, 114.78335
7259.7744, -3392.437, 113.07082
7253.854, -3391.1128, 111.904915
7257.8667, -3369.17, 102.19392
7259.002, -3372.0034, 97.97929
7255.4766, -3378.23, 95.260345
7254.868, -3387.0698, 90.623215
7253.2324, -3447.7437, 105.435036
7261.429, -3490.4946, 117.14347
7265.163, -3478.63, 115.311264
7263.822, -3481.6282, 116.034645
7260.215, -3421.9148, 91.67386
7254.1035, -3432.6104, 84.89186
7256.344, -3469.1726, 87.93055
7260.1387, -3503.7622, 96.54239
7250.7334, -3468.2908, 81.928566
7262.8027, -3508.065, 91.890526
7271.0767, -3553.636, 102.73688
7273.587, -3562.4443, 106.02501
7272.82, -3543.3276, 99.72457
7270.3945, -3502.486, 79.194756
7265.0527, -3539.8774, 79.10265
7256.177, -3577.7007, 84.53977
7255.0537, -3622.8167, 97.70508
7243.0903, -3649.3887, 107.74903
7253.039, -3629.613, 106.45918
7260.615, -3658.3044, 115.25585
7261.881, -3665.0454, 117.67203
7246.069, -3694.5867, 123.90137
7255.6904, -3705.9956, 125.77395
7259.352, -3695.5093, 119.94116
7257.542, -3644.3, 95.18335
7264.013, -3653.398, 87.50395
7257.03, -3721.406, 101.273445
7258.427, -3729.6196, 102.857574
7262.6377, -3742.2432, 106.77229
7250.1045, -3735.1418, 99.91613
7263.317, -3752.321, 99.46006
7268.2153, -3769.3096, 100.879875
7275.7754, -3774.509, 100.14286
7265.705, -3815.7947, 109.390854
7264.8164, -3837.4836, 114.99897
7264.751, -3841.9712, 116.29265
7259.512, -3866.905, 125.986664
7253.0557, -3894.376, 133.74936
7268.6436, -3871.1077, 126.29539
7269.8193, -3862.0483, 119.85917
7272.2827, -3862.2292, 115.58089
7255.0728, -3945.3774, 135.67087
7255.519, -3963.474, 141.52629
7255.752, -3951.5784, 137.7592
7260.797, -3922.2112, 124.887146
7254.193, -3884.1873, 104.20171
7261.7896, -3944.146, 114.15372
7266.4785, -3964.6465, 116.12353
7265.3257, -3966.072, 114.041595
7260.7935, -3963.8271, 110.662346
7243.7617, -4024.5986, 127.434845
7252.236, -4012.9172, 120.6125
7258.9243, -3989.1765, 110.359955
7263.502, -3970.6975, 99.347145
7262.7266, -3978.7942, 94.20519
7263.9214, -4008.0027, 92.93619
7266.215, -4017.1003, 90.969696
7259.67, -4023.1553, 89.0
7257.687, -4033.096, 89.61849
7254.059, -4007.819, 79.44375
7263.7036, -4086.3694, 97.559685
7264.644, -4083.7495, 97.244896
7271.2896, -4107.3276, 105.79899
7265.926, -4075.3188, 92.31544
7263.818, -4113.797, 98.264694
7265.5503, -4129.0166, 101.10789
7266.9326, -4106.2637, 88.14343
7266.3896, -4105.2373, 83.033005
7278.766, -4167.4233, 101.52562
7276.6973, -4218.911, 119.74766
7275.5645, -4204.8496, 117.281845
7253.7295, -4205.9844, 113.8677
7258.0713, -4195.7256, 104.78926
7260.1636, -4195.3438, 97.44733
7266.4824, -4195.2417, 89.46629
7264.247, -4206.878, 85.379776
7269.5977, -4280.1274, 102.05392
7272.04, -4291.0566, 108.02543
7268.8823, -4276.9375, 104.97789
7256.909, -4304.3066, 111.79833
7262.0635, -4277.031, 99.13942
7263.8394, -4252.6772, 84.586205
7270.691, -4255.659, 76.9115
7274.1514, -4275.5376, 78.187126
7263.4795, -4314.1904, 86.28664
7255.992, -4307.173, 79.86773
7260.729, -4330.291, 84.87296
7256.317, -4320.4165, 76.54175
7258.994, -4302.8257, 65.09469
7267.881, -4378.39, 83.516975
7270.968, -4394.006, 89.19072
7267.7153, -4427.111, 101.936424
7266.0356, -4507.0303, 131.41168
7269.9365, -4511.4062, 137.53429
7273.829, -4485.176, 132.44145
7268.9062, -4436.366, 112.34447
7257.736, -4362.2085, 78.047455
7266.229, -4445.2153, 92.14183
7272.9004, -4504.1455, 107.20809
7273.517, -4526.857, 115.78443
7268.861, -4549.4014, 123.96979
7262.0215, -4583.7344, 137.75154
7269.8984, -4546.253, 123.69748
7270.066, -4515.3755, 108.33866
7265.628, -4517.832, 103.020515
7251.978, -4567.6675, 111.02294
7262.9766, -4586.724, 112.51201
7264.283, -4614.057, 120.21921
7267.8374, -4596.844, 112.29142
7262.2495, -4604.4077, 111.65202
7262.695, -4621.497, 109.59332
7261.439, -4609.8306, 101.72605
7260.5454, -4605.756, 96.46929
7246.2017, -4663.1006, 110.318634
7254.8228, -4685.926, 115.5306
7261.7017, -4671.7554, 111.485756
7265.129, -4665.0825, 106.27557
7259.5674, -4642.8975, 93.370445
7259.4775, -4683.7295, 95.922585
7253.212, -4717.9526, 101.795586
7249.477, -4714.6694, 99.158966
7246.17, -4710.18, 94.410286
7250.0083, -4705.056, 89.094864
7254.6895, -4766.0264, 106.89998
7257.2944, -4729.826, 96.90101
7259.9346, -4726.0815, 91.05612
7248.341, -4740.639, 87.76862
7252.9204, -4846.965, 118.14242
7271.2544, -4880.8296, 135.43668
7269.186, -4849.544, 126.88428
7256.2446, -4806.9907, 109.28046
7256.6133, -4781.137, 94.51513
7256.934, -4809.369, 95.48733
7258.342, -4812.6514, 91.20785
7266.7744, -4832.516, 92.607
7261.6196, -4943.4033, 125.776085
7268.673, -4953.695, 133.02681
7268.061, -4920.593, 124.65592
7266.119, -4897.105, 114.63903
7254.8936, -4856.1655, 83.3509
7251.994, -4880.045, 81.63331
7250.2603, -4897.683, 80.35794
7256.9917, -4926.3765, 87.61429
7263.2793, -4938.454, 91.74355
7266.2363, -5011.065, 111.052925
7265.988, -4998.648, 110.90098
7260.9497, -4991.0483, 107.12271
7243.44, -4980.8237, 96.90306
7247.962, -4997.395, 95.80174
7250.887, -5004.7773, 91.474075
7266.2866, -5020.6445, 94.95735
7282.131, -5066.7285, 107.625015
7276.381, -5111.032, 124.21244
7265.166, -5076.973, 113.62065
7255.198, -5091.8706, 115.84071
7248.9653, -5110.2554, 118.512405
7257.8325, -5133.3354, 122.86709
7262.24, -5132.172, 120.82997
7269.997, -5130.6226, 117.72614
7266.9707, -5205.994, 140.72546
7265.282, -5229.165, 150.33176
7258.891, -5207.5986, 145.08453
7253.917, -5139.2095, 120.88343
7253.276, -5149.6562, 116.0546
7252.3433, -5233.932, 134.36926
7252.489, -5254.087, 139.74677
7269.244, -5230.9277, 131.7746
7273.1865, -5204.897, 113.35553
7258.265, -5294.316, 135.75282
7257.8853, -5287.4536, 135.13095
7258.3174, -5258.5356, 123.98403
7252.8223, -5216.9707, 101.90855
7262.7773, -5260.6255, 103.24975
7272.5015, -5278.921, 107.79121
7270.6196, -5267.829, 98.15938
7259.593, -5309.4277, 98.7699
7251.779, -5369.143, 117.899025
7256.591, -5331.4526, 105.19037
7257.558, -5318.2153, 98.57687
7258.266, -5292.244, 78.83036
7255.664, -5324.4834, 84.49614
7266.209, -5359.8516, 91.98889
7265.8276, -5343.266, 84.86342
7257.4404, -5454.4033, 117.345276
7257.095, -5498.83, 138.27122
7262.021, -5480.6675, 139.23143
7271.01, -5464.627, 137.25627
7260.3765, -5397.4473, 111.332565
7250.9966, -5368.0996, 89.82342
7249.162, -5407.6665, 91.029305
7256.0674, -5429.7427, 90.47482
7251.9717, -5411.1855, 75.56454
7263.251, -5447.698, 77.041405
7268.8994, -5522.641, 101.67671
7261.8223, -5520.041, 105.330574
7262.4956, -5516.1357, 106.58173
7257.506, -5553.9204, 115.36956
7241.7266, -5568.4854, 118.90527
7252.5146, -5525.808, 100.46521
7248.6514, -5486.416, 82.00152
7268.815, -5567.21, 93.127304
7267.387, -5636.4165, 116.21954
7267.504, -5648.5093, 126.29208
7261.8003, -5634.606, 124.08467
7257.3325, -5611.551, 113.381905
7242.588, -5609.2534, 107.03023
7249.2007, -5609.498, 99.60429
7254.9136, -5602.368, 90.75187
7269.6777, -5662.7026, 102.524666
7263.571, -5789.841, 152.55727
7265.4214, -5795.752, 165.74527
7259.501, -5735.957, 148.75424
7251.5293, -5659.291, 105.660446
7247.529, -5677.6387, 101.23967
7260.3516, -5671.9233, 91.55607
7264.2686, -5701.2847, 93.9407
7266.0005, -5709.0415, 92.49819
7262.0815, -5867.8994, 145.76852
7260.0845, -5902.8984, 167.63193
7259.272, -5852.27, 158.0484
7260.9736, -5800.654, 140.51497
7249.2866, -5768.3833, 120.513565
7254.278, -5822.777, 128.97742
7255.6665, -5828.528, 123.91221
7261.285, -5836.935, 123.190674
7262.6094, -5844.7983, 122.78517
7262.0127, -5934.3096, 148.2835
7258.309, -5912.297, 143.01381
7260.3174, -5845.8496, 117.253174
7257.467, -5817.6514, 96.19887
7265.3564, -5886.775, 105.74658
7267.4644, -5923.104, 113.7496
7266.799, -5920.0317, 110.630875
7263.2295, -5889.1255, 97.001854
7262.509, -5886.277, 85.70746
7265.6133, -5888.367, 77.69972
7265.6714, -5888.551, 71.769905
7259.8213, -5951.8267, 80.6048
7262.031, -5995.183, 96.94013
7261.069, -6013.2847, 105.50859
7263.525, -5980.2383, 96.01234
7264.2207, -5963.3228, 85.88977
7266.526, -5977.563, 82.9462
7252.1074, -6004.003, 85.465485
7239.7935, -5988.5635, 75.48474
7240.281, -6021.805, 79.898125
7245.829, -6085.687, 98.22225
7254.7974, -6100.647, 106.38441
7260.001, -6083.894, 104.07
7254.825, -6049.8413, 88.03486
7262.619, -6147.578, 114.14074
7251.794, -6160.7383, 119.52017
7259.5376, -6151.074, 117.17563
7246.509, -6162.688, 117.55945
7242.41, -6151.535, 112.047195
7251.5137, -6127.015, 98.99435
7260.31, -6114.311, 86.647804
7250.445, -6179.6104, 98.2819
7254.868, -6320.628, 143.73483
7256.8584, -6298.135, 146.1136
7260.8164, -6260.285, 137.10558
7253.7905, -6216.9585, 117.28979
7249.108, -6213.081, 107.859856
7251.6274, -6203.151, 93.82194
7253.009, -6225.8486, 91.86505
7262.48, -6354.543, 128.7705
7261.551, -6413.471, 157.86241
7262.756, -6383.818, 158.32266
7261.512, -6316.8877, 137.98851
7252.31, -6267.0327, 111.92629
7247.6963, -6234.5195, 87.86361
7241.3623, -6299.426, 93.91031
7246.8345, -6319.053, 92.631256
7261.61, -6379.407, 106.64618
7271.848, -6413.985, 120.33043
7269.316, -6465.145, 143.12837
7265.215, -6426.389, 133.52232
7248.886, -6365.0654, 105.87598
7232.038, -6425.3955, 118.11785
7235.213, -6467.272, 128.88057
7240.666, -6467.4546, 129.32233
7253.717, -6456.1323, 124.51274
7260.8994, -6463.033, 125.31269
7266.1064, -6506.9795, 137.49986
7259.1284, -6530.3496, 144.63467
7244.87, -6480.4478, 124.39979
7247.0806, -6506.4966, 128.28596
7243.4634, -6512.693, 122.89019
7251.646, -6523.1113, 121.66435
7258.073, -6519.3916, 116.83354
7261.3755, -6516.778, 110.91902
7250.746, -6620.8105, 142.95784
7244.075, -6645.295, 153.36089
7242.542, -6609.6587, 141.18497
7239.2656, -6534.426, 110.26376
7239.34, -6552.038, 103.379074
7238.7817, -6580.3037, 105.70011
7247.206, -6612.6772, 111.01003
7249.5703, -6630.684, 115.31186
7259.094, -6678.07, 130.816
7248.428, -6718.3657, 145.77916
7242.563, -6678.974, 135.32599
7239.6646, -6637.39, 117.20885
7236.114, -6605.036, 95.60539
7238.5234, -6606.672, 84.95461
7240.69, -6683.8486, 102.036285
7250.5903, -6721.3535, 113.64648
7246.2227, -6674.9976, 96.87585
7246.079, -6696.8306, 100.743614
7251.439, -6683.9697, 92.256165
7244.6973, -6679.063, 83.2813
7240.573, -6672.189, 69.32221
7237.5054, -6678.556, 63.449024
7238.0254, -6773.5264, 90.602005
7234.458, -6826.049, 112.01744
7240.4673, -6821.5034, 117.621185
7238.4873, -6766.9497, 99.656555
7243.025, -6805.664, 106.44069
7242.2124, -6851.69, 121.51805
7223.6885, -6815.6704, 106.43392
7230.907, -6810.6143, 99.65353
7224.349, -6882.367, 118.56604
7237.051, -6885.0503, 121.57078
7243.761, -6878.4585, 121.06625
7247.337, -6868.305, 114.81394
7251.546, -6894.23, 119.8305
7241.6123, -6974.331, 145.27138
7232.8345, -6980.9365, 148.73962
7240.2573, -6959.883, 142.35844
7237.6543, -6901.4688, 116.789825
7237.775, -6881.3154, 100.7088
7244.551, -6900.9253, 98.226074
7245.1465, -6915.326, 93.64087
7243.4756, -7014.115, 116.73919
7253.37, -7026.119, 124.130325
7241.9453, -7086.3745, 150.50598
7239.3047, -7085.988, 157.44656
7231.335, -7008.91, 130.64645
7227.41, -6997.5786, 118.955414
7227.4644, -6970.956, 100.89017
7231.4463, -7005.102, 100.70395
7235.4185, -7029.1313, 100.24175
7249.0244, -7094.2705, 115.451004
7252.5786, -7163.4995, 144.04437
7257.0415, -7185.1357, 161.94696
7247.595, -7101.0103, 135.55583
7243.121, -7061.04, 114.014244
7229.518, -7090.8076, 105.73599
7223.682, -7099.504, 103.37275
7234.4746, -7122.7173, 106.18201
7255.523, -7190.264, 125.44452
7262.428, -7208.9546, 136.98029
7257.7476, -7223.1045, 145.77905
7250.038, -7162.236, 119.48131
7242.715, -7140.5093, 102.27683
7235.1885, -7172.8696, 104.21992
7241.6777, -7218.2783, 116.41996
7238.5044, -7279.7295, 136.85767
7247.1885, -7260.446, 132.51102
7254.446, -7287.814, 141.30035
7243.8613, -7317.937, 151.64934
7232.6035, -7311.8096, 148.76819
7234.134, -7288.056, 138.8929
7232.8257, -7278.5776, 127.92762
7233.602, -7320.7207, 134.35646
7237.4717, -7328.7056, 135.07297
7251.2993, -7343.769, 135.96602
7257.7627, -7363.454, 140.88011
7241.1616, -7384.474, 142.81021
7225.834, -7365.9224, 133.00829
7225.9785, -7327.549, 112.61523
7225.945, -7335.877, 105.9531
7234.471, -7382.7114, 115.22633
7241.539, -7371.347, 107.72119
7248.186, -7405.8354, 114.02694
7241.002, -7459.191, 127.31148
7226.465, -7469.3857, 132.61862
7221.4644, -7447.2734, 127.54045
7223.005, -7417.7437, 112.77381
7223.4995, -7404.8525, 100.66233
7229.342, -7465.154, 111.65664
7235.1523, -7495.8677, 120.814995
7241.2544, -7512.401, 128.20682
7232.791, -7480.753, 116.32914
7227.0317, -7555.734, 136.5005
7230.73, -7544.756, 134.93675
7240.6357, -7532.1504, 130.23268
7235.799, -7481.331, 105.52093
7241.588, -7497.5757, 101.282394
7234.14, -7564.9326, 114.7492
7237.564, -7586.2563, 119.085175
7234.8184, -7583.0703, 117.736496
7235.2524, -7591.726, 117.32466
7242.5723, -7587.3154, 115.225784
7230.3965, -7644.9297, 131.37106
7223.647, -7616.1416, 121.09225
7224.0356, -7604.682, 111.52042
7220.5146, -7654.6655, 124.980286
7229.866, -7679.6055, 129.59706
7235.2114, -7665.5835, 124.41128
7236.2373, -7707.0005, 133.37518
7243.2305, -7712.7036, 135.13217
7228.1484, -7745.704, 146.75229
7228.0327, -7738.773, 145.87521
7224.8994, -7675.839, 116.09557
7230.0825, -7726.4277, 124.89427
7228.22, -7714.239, 115.410774
7234.6196, -7726.074, 114.04493
7257.75, -7778.176, 128.27924
7252.6836, -7854.5254, 157.34886
7245.4663, -7878.7305, 171.19319
7236.8413, -7862.003, 169.84352
7240.426, -7806.4277, 146.66112
7241.7993, -7837.4976, 149.86101
7237.4546, -7883.395, 160.51492
7246.1025, -7877.071, 157.55191
7258.186, -7889.625, 158.26758
7251.047, -7911.6304, 165.01476
7235.223, -7936.3643, 169.52432
7224.8315, -7908.362, 156.5742
7229.325, -7876.6953, 135.80563
7238.814, -7884.128, 128.8421
7238.8345, -7930.3027, 136.80229
7247.745, -7977.4287, 149.13069
7251.631, -7970.2607, 147.47633
7232.6772, -7996.8267, 153.89365
7220.592, -7925.369, 124.45786
7228.0117, -7900.9097, 104.88162
7234.7505, -7895.5986, 90.81845
7237.4707, -7952.8047, 99.3864
7233.665, -8023.9536, 119.613556
7229.95, -8057.0034, 133.58583
7238.3438, -8045.316, 129.72922
7232.6816, -8048.4795, 127.497696
7224.7617, -8047.157, 126.43943
7222.647, -8015.9854, 111.639404
7234.831, -8013.0933, 97.50855
7233.2153, -8078.0063, 113.64748
7233.3633, -8125.5117, 130.94273
7230.649, -8097.0205, 124.85277
7235.0156, -8093.824, 122.03291
7225.138, -8100.008, 113.371086
7218.998, -8138.1255, 122.10119
7210.961, -8117.4365, 111.099754
7214.632, -8113.327, 107.07299
7219.8145, -8125.7, 105.800934
7223.457, -8153.6377, 113.26165
7220.1475, -8188.4443, 123.83326
7233.8726, -8182.703, 121.55059
7242.1606, -8197.78, 124.961266
7207.7563, -8205.91, 118.54761
7205.6187, -8194.902, 108.79721
7210.103, -8193.263, 105.520004
7224.8955, -8215.327, 107.02285
7227.85, -8232.328, 112.541595
7230.8315, -8265.789, 124.51302
7227.611, -8271.583, 127.79241
7230.4023, -8279.909, 130.51326
7231.9653, -8328.469, 142.48235
7218.1416, -8326.162, 141.99927
7219.992, -8294.565, 129.49448
7225.456, -8278.043, 118.659294
7231.6235, -8284.656, 113.21869
7227.495, -8304.622, 112.28311
7218.952, -8356.294, 124.9565
7224.3364, -8426.6455, 147.00429
7228.974, -8417.859, 151.02396
7227.877, -8394.424, 143.78746
7218.596, -8398.607, 141.09055
7216.0757, -8356.232, 117.819435
7223.717, -8374.724, 118.10531
7223.2886, -8423.993, 125.58159
7216.712, -8444.762, 130.8113
7225.717, -8473.002, 139.84114
7246.87, -8506.456, 159.1921
7247.0225, -8500.938, 162.08469
7242.3276, -8491.538, 160.04002
7215.285, -8502.674, 157.6351
7215.5435, -8487.497, 140.63516
7217.4023, -8525.418, 149.68965
7220.618, -8570.111, 161.97772
7238.6675, -8619.105, 178.3127
7248.141, -8598.549, 175.53574
7248.034, -8561.231, 161.06456
7224.491, -8563.4795, 150.81587
7209.289, -8551.832, 137.99818
7210.6934, -8572.473, 141.28651
7218.47, -8633.661, 154.19435
7226.3525, -8638.885, 155.60622
7234.2007, -8698.528, 174.03969
7237.2305, -8653.6, 160.56029
7220.649, -8633.889, 145.23921
7210.4155, -8655.22, 147.98814
7213.026, -8670.027, 148.6474
7218.5356, -8653.926, 133.75392
7223.675, -8671.063, 134.14168
7228.063, -8747.486, 154.67108
7231.5146, -8780.03, 170.4675
7232.002, -8750.88, 161.28079
7225.078, -8712.63, 144.48517
7208.931, -8733.03, 143.60155
7199.594, -8723.946, 136.46199
7217.3237, -8737.659, 128.65707
7223.278, -8726.214, 120.10559
7223.1543, -8758.152, 123.719894
7220.0576, -8779.763, 126.85864
7223.9404, -8828.118, 143.77954
7223.004, -8823.929, 142.87114
7223.7437, -8785.811, 130.07684
7213.265, -8757.068, 112.00732
7204.695, -8785.035, 110.94548
7210.5854, -8793.015, 107.07756
7220.7373, -8816.474, 110.82995
7226.4106, -8914.869, 144.10306
7225.83, -8950.428, 163.83221
7229.8438, -8925.327, 163.17249
7229.187, -8868.432, 142.9534
7219.8535, -8891.687, 143.19832
7198.2197, -8880.95, 129.28578
7194.119, -8908.178, 132.19626
7218.314, -8939.587, 138.01231
7220.4126, -8951.716, 141.61089
7215.351, -8978.148, 151.91309
7217.853, -8954.076, 142.94128
7221.9375, -8929.74, 130.33484
7223.2236, -8965.0, 135.28842
7207.702, -8997.776, 139.56226
7213.9697, -9021.987, 143.92749
7217.6875, -9025.295, 144.64735
7218.4434, -9021.041, 140.82834
7217.148, -9062.525, 150.80814
7234.0674, -9116.494, 171.55035
7243.108, -9103.74, 171.4943
7215.399, -9087.167, 159.38805
7207.642, -9092.231, 154.14685
7216.61, -9098.447, 154.14923
7220.0156, -9117.0205, 152.07083
7219.24, -9094.497, 139.44054
7221.754, -9201.945, 172.31535
7218.3906, -9210.597, 179.4332
7225.9497, -9203.815, 181.55339
7211.393, -9166.332, 166.39401
7204.038, -9160.908, 158.84467
7202.817, -9148.801, 146.65546
7213.9536, -9168.359, 147.92458
7222.403, -9175.746, 142.8005
7224.8804, -9255.005, 163.1618
7220.6396, -9304.457, 183.31665
7232.268, -9275.076, 178.26291
7226.1494, -9240.084, 162.01375
7224.176, -9237.4375, 155.71066
7206.002, -9275.039, 159.99852
7204.6177, -9261.856, 153.06519
7210.532, -9323.916, 166.92421
7210.627, -9350.768, 177.84154
7223.253, -9382.019, 192.20491
7224.716, -9367.982, 188.89064
7212.0566, -9267.841, 143.21825
7207.101, -9285.15, 129.90219
7207.179, -9360.831, 148.2521
7205.4697, -9388.08, 160.0574
7217.37, -9396.365, 161.0441
7221.8203, -9431.198, 172.50331
7223.7856, -9442.456, 177.69434
7222.3833, -9400.888, 160.61234
7206.4673, -9333.893, 120.83504
7203.505, -9376.133, 124.26573
7201.014, -9436.377, 137.8494
7209.073, -9438.067, 138.53618
7217.8296, -9454.075, 143.59645
7217.867, -9496.599, 157.40854
7213.6797, -9508.203, 162.40118
7215.4033, -9512.328, 165.83443
7198.588, -9503.189, 153.9656
7197.1187, -9522.527, 156.5074
7197.9775, -9503.586, 145.09833
7208.964, -9502.349, 137.96649
7217.181, -9549.806, 148.33249
7231.5835, -9602.385, 168.21977
7224.3657, -9628.656, 180.8103
7208.5176, -9550.0205, 152.27422
7207.1216, -9532.167, 137.78261
7202.6016, -9531.217, 127.3383
7205.257, -9570.809, 127.29437
7209.899, -9595.276, 133.9677
7222.0117, -9604.182, 132.47089
7217.2397, -9648.671, 144.69745
7219.406, -9662.218, 152.46292
7222.0547, -9644.533, 145.47476
7217.508, -9615.505, 132.82024
7209.3994, -9599.361, 111.42189
7206.598, -9702.961, 138.17805
7214.627, -9698.47, 139.13478
7222.315, -9716.843, 144.40092
7211.0557, -9740.392, 154.92813
7209.898, -9781.428, 175.17061
7213.0645, -9751.682, 171.1915
7204.5435, -9671.865, 130.00583
7203.3765, -9672.089, 111.97903
7197.8857, -9718.274, 120.11886
7205.649, -9803.588, 146.79134
7211.8203, -9808.657, 154.72946
7219.2036, -9808.182, 156.5771
7219.752, -9841.259, 165.7885
7223.066, -9847.649, 172.09067
7208.2954, -9780.97, 142.10042
7204.2666, -9833.824, 151.51721
7195.841, -9882.486, 165.64716
7198.3765, -9886.869, 168.52705
7210.076, -9904.904, 174.89427
7216.2676, -9885.868, 164.68782
7215.451, -9934.955, 176.14697
7211.563, -9964.436, 189.05095
7201.798, -9920.493, 175.34357
7202.209, -9923.316, 168.13011
7199.777, -9949.46, 171.06638
7208.666, -9965.299, 169.14647
7216.1797, -9959.724, 161.63512
7219.0444, -9992.235, 165.29153
7222.1646, -10015.675, 173.45132
7213.694, -10014.582, 172.83284
7202.5767, -9947.815, 139.5985
7203.37, -9948.3545, 126.54131
7204.314, -10003.112, 134.30547
7199.141, -9999.88, 132.16225
7212.24, -10023.449, 134.39725
7217.862, -10056.422, 140.0785
7209.312, -10127.977, 169.86523
7201.0234, -10078.462, 157.1446
7199.2456, -10048.012, 137.8795
7203.281, -10029.369, 121.816475
7205.2383, -10041.287, 118.6823
7203.1445, -10099.5205, 130.1501
7211.593, -10172.827, 158.8345
7215.325, -10209.54, 179.85728
7194.716, -10165.556, 164.70267
7198.461, -10159.068, 158.73003
7203.786, -10110.584, 130.01753
7207.0713, -10148.721, 129.04773
7199.778, -10204.193, 146.07498
7205.3564, -10218.743, 153.5208
7210.9917, -10210.848, 153.33093
7209.0137, -10278.668, 173.17728
7198.043, -10229.296, 153.98431
7187.117, -10210.842, 137.653
7193.3237, -10226.417, 138.21648
7191.7495, -10281.057, 149.99942
7195.7173, -10315.198, 163.61676
7203.405, -10316.915, 167.63205
7210.3115, -10334.202, 172.1214
7204.904, -10338.815, 172.03836
7202.568, -10327.806, 165.45244
7203.6343, -10305.193, 151.78362
7195.6646, -10270.481, 126.50533
7196.8706, -10359.0, 146.46768
7209.151, -10391.815, 159.73279
7216.488, -10397.154, 164.3528
7216.7617, -10370.269, 152.35434
7220.6167, -10439.647, 175.06866
7215.191, -10407.087, 162.87323
7214.471, -10391.534, 147.7842
7212.7173, -10426.787, 153.03516
7219.307, -10447.607, 159.83403
7217.424, -10464.203, 161.35031
7216.2036, -10491.67, 166.20964
7212.975, -10536.603, 184.1716
7198.3105, -10507.798, 177.08812
7192.936, -10452.97, 149.61491
7203.2866, -10430.712, 127.460724
7211.1963, -10475.42, 135.12671
7209.5396, -10531.266, 151.94104
7213.825, -10582.578, 168.25278
7219.854, -10565.225, 167.38023
7207.433, -10582.487, 168.9835
7196.45, -10548.778, 150.38359
7200.1772, -10517.496, 126.87035
7208.468, -10508.105, 117.98287
7207.6924, -10570.475, 127.32939
7208.008, -10620.974, 145.50412
7205.3623, -10598.479, 137.79588
7212.446, -10651.619, 151.65067
7201.904, -10634.472, 144.80325
7201.89, -10642.629, 144.59818
7202.6123, -10610.022, 127.44353
7205.9478, -10606.944, 121.22501
7189.672, -10669.875, 136.34009
7201.5806, -10725.591, 156.05606
7216.0596, -10745.388, 161.10657
7217.1885, -10760.742, 163.70737
7197.9355, -10723.605, 145.63867
7197.6943, -10717.554, 139.54776
7198.2144, -10703.028, 127.71342
7193.5977, -10759.829, 140.51918
7207.9043, -10809.126, 160.33504
7218.496, -10823.61, 167.70555
7222.3022, -10842.435, 175.10294
7213.9487, -10844.958, 176.3001
7201.167, -10779.035, 144.33089
7195.14, -10762.911, 129.07967
7201.8823, -10819.188, 133.77248
7202.679, -10854.032, 140.0873
7206.727, -10833.237, 132.88327
7212.6035, -10869.528, 144.13174
7222.839, -10917.036, 161.49428
7196.7803, -10918.174, 160.52505
7187.8257, -10902.249, 156.0376
7191.079, -10861.564, 131.95047
7200.589, -10864.103, 121.78578
7206.2734, -10882.128, 122.735306
7208.4526, -10956.846, 145.71558
7217.706, -10985.92, 159.67645
7210.8374, -11032.567, 181.09375
7207.6387, -11028.62, 186.94016
7194.831, -10933.789, 148.61195
7202.3813, -10931.187, 140.46799
7201.445, -10980.399, 136.58072
7209.8496, -11056.947, 161.57634
7208.679, -11045.829, 161.33972
7214.8506, -11063.209, 167.37589
7208.737, -11040.01, 160.34537
7206.639, -11035.622, 150.88002
7192.297, -11015.762, 131.30954
