7201.3, -11091.208, 169.39766
7209.9414, -11127.9375, 180.84566
7200.1494, -11034.784, 150.16034
7194.534, -11024.054, 143.72668
7204.022, -11039.898, 146.7818
7204.6357, -11047.949, 153.29843
7207.93, -11052.744, 164.068
7214.264, -11032.152, 161.07512
7211.1274, -11031.504, 162.6146
7208.8906, -11036.696, 169.63882
7206.376, -10956.629, 150.18968
7201.977, -10903.574, 123.00176
7208.7153, -10961.132, 139.45638
7212.1514, -10989.602, 155.87912
7217.5537, -10972.532, 157.95912
7219.1846, -10967.116, 162.69069
7218.893, -10953.149, 169.84245
7212.8984, -10894.673, 150.0988
7203.579, -10867.626, 136.18317
7200.676, -10856.959, 127.54038
7194.4893, -10855.2705, 124.65964
7203.731, -10915.941, 150.16052
7219.677, -10925.399, 169.37563
7226.3286, -10881.715, 160.45322
7222.862, -10881.937, 165.99785
7201.194, -10830.057, 148.94795
7199.8, -10832.158, 149.23486
7205.3027, -10787.426, 136.61143
7209.183, -10765.749, 123.20645
7198.2905, -10748.596, 110.83917
7211.792, -10813.874, 141.84349
7219.294, -10808.636, 155.69104
7218.996, -10818.05, 165.81161
7201.6343, -10778.406, 163.63406
7193.712, -10753.917, 157.72618
7199.523, -10712.534, 145.33032
7201.769, -10691.404, 134.58617
7207.1694, -10726.297, 145.14209
7220.8467, -10726.313, 153.74918
7223.5, -10714.425, 161.03128
7209.5254, -10696.069, 162.36835
7194.031, -10664.421, 154.54433
7192.2847, -10641.194, 144.06618
7203.5796, -10585.018, 122.212746
7209.376, -10576.34, 113.11513
7212.075, -10622.429, 128.12645
7217.5312, -10655.417, 151.3369
7222.1494, -10631.774, 159.18513
7218.2837, -10623.342, 158.87332
7212.0596, -10564.788, 146.69337
7210.761, -10528.936, 135.45428
7208.798, -10494.689, 118.21305
7205.7227, -10508.73, 117.53418
7204.149, -10561.339, 139.3406
7203.3657, -10573.083, 150.57976
7209.0806, -10550.233, 159.14389
7212.2803, -10543.908, 160.80176
7209.1123, -10543.4375, 173.60806
7200.4507, -10505.092, 163.4233
7204.6655, -10420.863, 134.80559
7205.694, -10459.974, 144.06866
7212.285, -10497.3955, 161.51357
7219.846, -10497.878, 166.54541
7218.511, -10418.391, 146.70528
7215.781, -10427.563, 149.56023
7202.12, -10408.627, 145.45944
7202.4023, -10389.431, 140.18382
7201.1567, -10328.141, 115.88199
7216.793, -10371.443, 128.44243
7221.348, -10373.52, 136.76625
7224.9614, -10443.075, 168.0909
7221.085, -10386.517, 162.0465
7211.142, -10346.128, 153.8853
7207.36, -10355.712, 164.37416
7202.4546, -10342.606, 160.76683
7211.163, -10325.058, 159.5296
7208.712, -10263.167, 132.72147
7213.7456, -10273.613, 139.42444
7220.7725, -10286.909, 149.93083
7213.8945, -10252.111, 136.09322
7209.395, -10254.782, 137.73528
7202.7905, -10241.877, 137.2852
7198.8022, -10213.487, 128.05156
7207.372, -10165.335, 110.67908
7219.2715, -10177.837, 114.88652
7216.923, -10248.5205, 147.65442
7220.2207, -10245.53, 162.5192
7217.536, -10224.418, 162.58217
7212.366, -10193.512, 158.18005
7199.943, -10158.124, 148.53471
7197.151, -10135.31, 137.52876
7207.0454, -10085.985, 116.04122
7218.4453, -10124.502, 129.50436
7217.4536, -10157.494, 147.31622
7226.888, -10142.202, 153.00705
7226.8516, -10088.657, 140.43259
7218.715, -10073.789, 135.85295
7205.1553, -10070.911, 135.99155
7205.2783, -10029.535, 119.21663
7212.9526, -10005.624, 107.81901
7212.2974, -10006.86, 105.54145
7220.9346, -10069.011, 135.88356
7223.0674, -10079.957, 149.35158
7211.5874, -10006.527, 137.27315
7207.172, -9975.147, 131.43619
7200.1206, -9966.647, 128.454
7205.874, -9976.466, 133.75282
7213.173, -9969.091, 135.55598
7211.75, -9956.291, 133.22443
7213.4976, -10005.295, 156.375
7215.882, -10009.263, 164.6714
7216.125, -9931.276, 147.7406
7214.4717, -9928.695, 150.41881
7197.912, -9914.676, 151.34055
7205.7876, -9921.675, 155.05916
7206.0654, -9937.167, 163.5795
7216.487, -9922.966, 167.29494
7221.3325, -9937.416, 179.77805
7215.3438, -9921.179, 181.72563
7214.1426, -9879.8125, 173.70027
7215.8364, -9857.145, 167.27895
7205.9634, -9794.471, 147.16554
7211.054, -9765.397, 130.57455
7214.57, -9759.16, 124.701744
7225.193, -9798.95, 138.65808
7224.7627, -9842.138, 159.06284
7213.635, -9834.661, 170.23549
7216.14, -9779.057, 162.57443
7213.947, -9781.428, 168.48277
7214.844, -9729.908, 152.1468
7215.3193, -9676.441, 125.947235
7218.9043, -9656.449, 112.57166
7235.7188, -9708.05, 132.32895
7235.56, -9755.61, 162.25278
7232.14, -9688.886, 148.08269
7229.499, -9648.571, 135.97842
7228.7476, -9676.039, 145.7184
7219.602, -9646.006, 139.37238
7215.286, -9620.078, 131.85893
7225.6733, -9624.341, 131.59196
7226.8823, -9621.742, 130.93373
7219.413, -9631.183, 137.85507
7219.508, -9624.412, 136.5593
7222.693, -9585.258, 131.21286
7219.9106, -9598.532, 140.32552
7208.654, -9582.819, 143.40195
7202.47, -9535.239, 130.17122
7202.4185, -9548.8, 132.91113
7215.597, -9557.725, 138.09444
7223.569, -9597.869, 158.10484
7229.5645, -9579.646, 169.82674
7222.4224, -9497.133, 146.49551
7217.577, -9503.668, 148.4431
7206.566, -9462.25, 132.33699
7197.9116, -9473.855, 132.89163
7206.264, -9472.935, 136.91501
7217.2246, -9453.95, 130.25641
7229.465, -9504.721, 158.38556
7215.2803, -9458.235, 149.11919
7214.387, -9430.052, 143.20691
7213.136, -9416.757, 138.905
7211.628, -9416.864, 139.43889
7214.0146, -9375.074, 125.87361
7220.942, -9347.79, 113.05933
7226.833, -9350.98, 114.143875
7226.899, -9424.42, 148.95503
7221.695, -9407.854, 164.53781
7217.8247, -9361.23, 158.71861
7217.8926, -9351.767, 155.77693
7215.6875, -9369.479, 161.29892
7213.819, -9325.891, 148.31717
7215.0674, -9261.406, 129.40277
7226.886, -9291.451, 140.64153
7234.296, -9292.771, 154.652
7226.218, -9278.569, 152.22757
7231.7603, -9240.674, 142.39452
7220.6665, -9222.997, 137.37639
7216.2207, -9250.894, 146.74728
7219.792, -9223.318, 139.79274
7232.286, -9216.616, 141.24818
7233.383, -9273.421, 165.90152
7238.3833, -9286.203, 179.94633
7235.1445, -9185.397, 160.2744
7233.8394, -9153.482, 148.81425
7216.435, -9148.43, 143.1033
7219.055, -9174.799, 152.6834
7223.705, -9192.004, 163.4374
7237.489, -9163.557, 160.82962
7242.901, -9185.105, 177.49876
7246.814, -9196.187, 186.27692
7234.0806, -9151.161, 176.77249
7230.4536, -9091.782, 159.67072
7229.626, -9082.475, 156.29893
7221.4473, -9078.632, 154.75392
7217.565, -9080.318, 157.25432
7242.146, -9064.287, 158.05557
7243.387, -9050.646, 155.80727
7239.964, -9095.316, 174.10045
7225.4795, -9058.55, 164.16768
7219.8013, -9027.514, 156.52715
7228.2563, -8995.965, 150.30577
7221.584, -8994.081, 149.15266
7228.5713, -8961.384, 139.375
7237.9126, -8940.143, 130.24495
7243.79, -8986.455, 151.8533
7244.6255, -8989.549, 157.5233
7236.2573, -8932.812, 146.57355
7225.189, -8923.71, 142.3154
7221.878, -8880.097, 130.51418
7218.034, -8841.024, 115.75232
7229.2876, -8846.074, 116.44551
7240.0293, -8873.856, 128.2041
7243.004, -8880.605, 132.84645
7228.8784, -8847.255, 129.16411
7228.6396, -8813.166, 120.91279
7238.1245, -8807.212, 118.26923
7237.76, -8800.827, 117.15817
7221.4424, -8778.904, 110.633095
7209.8936, -8767.395, 109.15026
7225.3525, -8798.073, 122.789406
7238.142, -8757.366, 115.21781
7243.774, -8787.041, 127.2562
7235.5625, -8798.985, 138.28008
7231.462, -8742.446, 124.53586
7229.4966, -8698.713, 109.98006
7222.8, -8672.886, 99.99388
7215.494, -8694.354, 105.66256
7214.764, -8703.642, 109.8196
7219.019, -8665.454, 99.67148
7237.111, -8679.0, 109.25878
7236.2275, -8673.388, 120.22582
7233.713, -8677.334, 125.79522
7231.4053, -8656.664, 123.61615
7224.9507, -8624.009, 116.29588
7216.119, -8638.861, 122.82751
7211.3975, -8633.845, 123.4878
7225.1113, -8579.449, 106.19248
7253.1875, -8631.148, 130.28375
7252.766, -8644.72, 143.39867
7239.4873, -8600.468, 142.54604
7238.404, -8567.599, 134.6694
7238.3057, -8553.138, 129.24306
7226.227, -8550.779, 128.95442
7227.5195, -8525.265, 121.52007
7237.9062, -8534.506, 127.43267
7244.8525, -8537.385, 132.32336
7243.29, -8559.026, 152.1342
7237.241, -8549.729, 155.51428
7239.8657, -8481.666, 138.04408
7233.951, -8443.63, 123.594185
7235.3535, -8447.286, 120.690414
7225.9546, -8458.817, 123.03893
7235.636, -8493.806, 139.99942
7251.276, -8506.051, 154.52351
7251.334, -8513.562, 171.89403
7240.952, -8485.406, 168.20103
7237.1895, -8452.702, 163.0606
7239.377, -8344.845, 128.81015
7230.3027, -8321.359, 107.89612
7238.5737, -8379.138, 126.23856
7242.942, -8440.965, 157.04529
7258.5825, -8450.804, 180.64925
7259.7007, -8417.497, 176.63162
7256.1733, -8404.588, 175.93085
7236.425, -8291.035, 138.70021
7235.473, -8273.827, 125.78233
7233.619, -8275.169, 117.70545
7224.4004, -8286.671, 119.330864
7232.261, -8309.617, 131.52489
7243.488, -8336.904, 148.71538
7256.436, -8271.933, 137.10483
7243.245, -8258.975, 134.32703
7239.5713, -8232.234, 125.01139
7233.6953, -8238.143, 129.66695
7239.5684, -8205.615, 118.69182
7239.895, -8219.704, 121.71847
7226.7944, -8213.395, 124.99301
7239.299, -8206.988, 130.88657
7255.764, -8173.9595, 123.64665
7257.676, -8175.7915, 123.15976
7238.1895, -8166.521, 123.564575
7228.7505, -8157.7744, 127.13323
7238.7505, -8143.2305, 127.359604
7233.772, -8103.2812, 113.715866
7235.3354, -8072.2144, 104.044975
7243.532, -8088.198, 110.07105
7244.753, -8066.5815, 100.348
7252.913, -8111.6187, 125.216896
7244.824, -8122.5947, 139.97858
7240.6343, -8081.484, 137.47289
7242.1274, -7996.7344, 108.08152
7238.1797, -7958.178, 84.74756
7230.35, -7954.6904, 76.63182
7227.7915, -7980.2393, 83.50132
7227.19, -8026.0396, 103.07183
7249.7666, -8027.685, 116.918945
7249.318, -8046.643, 133.35341
7237.774, -8025.64, 136.05768
7236.0312, -7953.153, 118.68355
7233.167, -7900.54, 97.83635
7233.111, -7927.1616, 103.20028
7235.6416, -7955.841, 116.07973
7243.0034, -7965.1006, 130.07541
7250.262, -7917.1074, 123.74487
7255.9683, -7940.4746, 134.0044
7247.2607, -7906.038, 132.04575
7244.8584, -7895.5107, 129.4777
7241.837, -7864.3467, 118.51171
7235.651, -7882.2837, 123.904655
7233.33, -7895.8535, 131.75423
7246.0303, -7870.9272, 135.17215
7254.11, -7837.264, 126.02035
7267.46, -7837.2417, 129.8563
7258.1665, -7848.1426, 138.76346
7242.3096, -7849.7827, 146.75604
7247.368, -7794.5835, 131.92134
7249.3276, -7784.08, 126.96583
7248.1523, -7794.2617, 132.25977
7246.599, -7818.317, 144.7162
7264.325, -7767.918, 134.82013
7261.834, -7760.4517, 138.63203
7249.1245, -7766.878, 144.43631
7244.8735, -7744.1113, 139.87889
7244.669, -7665.0845, 115.0371
7239.9927, -7618.3535, 92.7201
7241.397, -7627.3843, 86.083855
7239.004, -7640.1064, 85.43907
7264.1885, -7730.303, 131.88397
7258.4297, -7718.29, 145.17453
7253.604, -7711.0996, 148.55557
7236.1367, -7628.467, 128.86559
7246.8394, -7582.406, 109.94818
7250.567, -7558.917, 97.17463
7248.4087, -7571.753, 97.4972
7242.5186, -7566.6187, 95.510086
7251.687, -7643.1436, 130.81389
7257.6187, -7613.158, 134.35115
7247.668, -7562.185, 121.130066
7239.022, -7541.3022, 118.7225
7237.962, -7489.483, 100.95851
7242.6733, -7476.5, 93.09679
7239.818, -7498.7437, 97.21298
7234.6885, -7518.855, 105.63111
7255.256, -7538.3047, 128.40662
7270.3423, -7505.0786, 128.37694
7270.142, -7482.2114, 120.251564
7252.7456, -7440.731, 108.94861
7245.5483, -7462.6807, 115.59459
7247.2593, -7474.6313, 126.565544
7250.0728, -7452.4907, 120.87011
7249.483, -7447.926, 127.303375
7252.045, -7459.3384, 138.94057
7267.8438, -7411.075, 127.16992
7263.997, -7388.843, 120.26543
7254.458, -7399.644, 126.83367
7242.2446, -7376.029, 118.48616
7243.3774, -7373.8506, 119.8239
7252.1523, -7370.344, 123.411095
7255.787, -7334.3086, 112.14535
7262.395, -7328.8325, 112.2143
7260.659, -7291.827, 99.365295
7261.624, -7287.47, 96.227974
7262.4917, -7327.8228, 114.992874
7253.9834, -7319.9873, 119.47202
7257.605, -7326.6265, 131.80974
7257.796, -7262.7495, 114.314186
7253.685, -7188.2163, 83.85899
7247.9844, -7182.7866, 75.78495
7243.6963, -7181.562, 73.05069
7258.7266, -7211.97, 86.05
7266.141, -7240.8022, 104.12075
7259.201, -7238.3066, 115.65342
7258.7397, -7245.4883, 122.81579
7252.295, -7222.1426, 123.38378
7253.2554, -7158.103, 104.565
7239.9434, -7129.9067, 91.75585
7231.1875, -7122.882, 86.221405
7247.497, -7191.612, 113.88348
7271.484, -7173.407, 121.12881
7270.3657, -7148.6357, 123.78436
7261.5054, -7107.3564, 113.69665
7256.117, -7138.582, 125.53097
7257.812, -7065.151, 100.58247
7254.913, -7061.3867, 96.6517
7252.3276, -7118.558, 120.11826
7250.9434, -7140.1997, 135.3817
7267.3647, -7101.477, 136.99487
7277.4224, -7034.6875, 122.90264
7267.5566, -7008.437, 113.789215
7259.3027, -7003.9688, 110.61312
7249.294, -6993.0073, 106.770935
7242.1714, -6952.2393, 88.17765
7241.7183, -6974.219, 91.78763
7260.963, -7067.203, 139.97325
7273.776, -7004.9604, 134.3803
7272.9194, -6979.6133, 131.74666
7249.8223, -6936.565, 116.78783
7242.4546, -6939.044, 115.739494
7236.6216, -6926.9146, 110.74073
7241.832, -6881.2764, 96.1493
7253.5674, -6870.259, 89.724144
7257.114, -6897.493, 100.32496
7267.705, -6947.7285, 129.24904
7276.454, -6909.308, 126.074615
7267.173, -6861.8496, 115.02023
7254.949, -6824.69, 101.451454
7249.827, -6847.1064, 108.472435
7254.682, -6811.0117, 97.87524
7257.918, -6753.9556, 74.79496
7256.0693, -6749.0103, 68.46503
7266.0293, -6847.7695, 110.663025
7262.3237, -6888.165, 136.5658
7272.3613, -6846.8247, 133.12758
7267.4336, -6779.478, 118.16193
7260.8, -6739.855, 107.53443
7254.345, -6704.711, 94.47928
7260.7144, -6720.387, 97.2094
7263.526, -6713.855, 93.83289
7264.678, -6736.0767, 102.02462
7261.8213, -6793.431, 135.87772
7268.4463, -6752.7266, 135.49774
7277.507, -6686.6997, 118.82754
7273.313, -6639.7847, 100.71232
7265.287, -6640.612, 96.38844
7257.956, -6683.9917, 109.012596
7270.4404, -6661.71, 108.22196
7266.5254, -6635.6274, 101.62889
7265.5728, -6690.117, 130.18703
7272.039, -6650.2583, 127.295555
7279.687, -6613.51, 119.66778
7277.5073, -6606.0356, 116.56377
7267.762, -6604.5615, 118.644394
7259.6235, -6599.5894, 117.72341
7262.601, -6588.5806, 118.27873
7266.479, -6543.5654, 106.43142
7262.976, -6527.0767, 100.596306
7259.9927, -6541.48, 107.77185
7260.1104, -6562.795, 116.64557
7267.1094, -6505.6616, 102.40894
7268.6733, -6501.679, 102.28813
7266.311, -6521.7573, 111.30268
7255.609, -6571.8164, 137.122
7257.1187, -6457.87, 105.71376
7259.4717, -6398.483, 85.34377
7263.571, -6415.792, 88.68754
7265.039, -6427.073, 96.64071
7276.374, -6444.9165, 104.01723
7269.9204, -6410.0366, 97.99812
7265.3354, -6416.8613, 105.72278
7259.0967, -6433.934, 113.39908
7262.5205, -6367.7114, 96.41743
7258.0347, -6311.049, 79.098236
7265.563, -6361.5933, 95.682594
7267.415, -6411.423, 119.08868
7272.431, -6431.121, 134.40579
7274.93, -6398.559, 135.71138
7266.6777, -6335.3257, 120.82211
7260.148, -6308.1196, 110.72612
7258.449, -6291.778, 103.40521
7254.349, -6244.497, 85.26355
7260.754, -6305.7705, 104.39273
7269.4375, -6386.052, 150.26608
7268.6797, -6404.347, 177.34796
7271.454, -6266.47, 141.69127
7271.157, -6219.8066, 123.256775
7256.9756, -6197.9907, 106.3239
7251.276, -6191.0923, 97.98108
7251.388, -6199.6816, 95.28491
7255.349, -6183.869, 87.3496
7261.5825, -6271.119, 127.87973
7273.4766, -6334.849, 171.259
7269.929, -6225.4854, 153.32733
7264.637, -6113.8267, 115.8909
7258.0156, -6109.1245, 107.48573
7248.686, -6107.118, 101.73411
7249.091, -6130.2964, 105.10759
7256.7827, -6099.903, 94.95623
7268.722, -6147.529, 115.787445
7281.0786, -6140.4478, 130.35086
7272.4795, -6072.5796, 113.46482
7265.681, -6036.249, 103.565544
7253.158, -6046.163, 106.9243
7246.6846, -6065.4126, 114.49975
7259.6113, -6001.436, 94.504845
7278.487, -6016.657, 104.753586
7282.8823, -6041.183, 116.46127
7291.1177, -6045.6, 123.39317
7265.9546, -5954.353, 98.21457
7262.2515, -5947.17, 94.33063
7258.076, -5943.9575, 93.61469
7271.0356, -5976.6675, 106.36452
7272.115, -5927.086, 93.26589
7277.2554, -5955.471, 107.792366
7277.533, -5994.3677, 129.73
7279.3647, -6029.0557, 152.06343
7276.349, -5947.26, 137.22815
7271.1387, -5884.4272, 119.744865
7266.669, -5883.4614, 116.13707
7274.9414, -5897.585, 119.9379
7279.472, -5885.8237, 120.5345
7277.9663, -5868.048, 115.0614
7267.846, -5827.484, 101.50456
7266.0137, -5891.9106, 125.42368
7279.1377, -5855.207, 120.98589
7282.523, -5803.8813, 110.40985
7277.202, -5821.106, 121.11968
7273.9277, -5834.519, 128.24612
7271.713, -5786.65, 116.68767
7272.22, -5765.2896, 110.144356
7262.798, -5754.2466, 105.69179
7272.8003, -5795.4644, 123.76937
7272.572, -5716.6772, 103.83062
7278.783, -5720.4863, 107.243904
7274.6777, -5771.1567, 131.5646
7272.439, -5794.03, 145.83162
7268.285, -5717.9766, 130.21735
7264.2256, -5690.307, 124.591995
7269.055, -5712.7554, 134.83179
7274.2563, -5708.629, 137.44453
7289.2954, -5703.859, 141.62465
7288.673, -5680.396, 138.70203
7268.8486, -5658.138, 136.47267
7266.197, -5660.0986, 137.95357
7266.544, -5561.035, 106.96833
7279.448, -5544.146, 100.81224
7292.102, -5586.4443, 113.53587
7296.229, -5598.4663, 120.7596
7295.5825, -5622.7246, 133.75304
7281.688, -5565.671, 121.07446
7271.251, -5524.9956, 108.46663
7266.741, -5527.387, 108.3984
7269.7163, -5496.8813, 98.96494
7280.777, -5498.3804, 102.95529
7285.019, -5535.5737, 121.22813
7276.0103, -5559.6094, 138.8862
7288.2163, -5586.156, 162.73059
7279.155, -5475.012, 134.8459
7276.678, -5422.4556, 110.81474
7275.4126, -5418.7974, 103.50171
7272.2485, -5463.8936, 114.82581
7271.949, -5420.4297, 102.58278
7276.9263, -5428.1196, 108.85326
7282.0137, -5496.6816, 147.52469
7284.037, -5452.1255, 147.30261
7290.581, -5395.565, 135.99242
7289.594, -5352.796, 120.69229
7272.8115, -5297.2344, 95.65421
7268.983, -5335.1465, 102.44338
7268.476, -5341.219, 104.03416
7273.257, -5342.0615, 105.49769
7284.372, -5382.217, 130.09111
7280.5317, -5398.3335, 143.34755
7294.007, -5351.0913, 141.54727
7285.2734, -5280.9287, 123.41359
7274.9062, -5239.7954, 104.2903
7274.9873, -5245.715, 102.02284
7266.726, -5285.6562, 114.358154
7257.104, -5286.3086, 117.804535
7280.3374, -5261.4453, 117.62199
7278.1094, -5204.1895, 101.275475
7301.1523, -5204.942, 106.301186
7298.6577, -5210.1323, 114.63405
7282.679, -5180.2515, 106.92776
7273.967, -5162.1113, 100.173645
7270.224, -5139.6216, 91.55501
7274.9966, -5159.851, 98.11143
7286.2495, -5144.9155, 97.08982
7286.591, -5141.0386, 99.795715
7290.5938, -5197.9897, 126.12507
7286.978, -5247.18, 154.36824
7289.7656, -5157.4595, 139.99149
7283.2627, -5060.6255, 108.272224
7287.7817, -5060.3574, 105.72165
7293.06, -5079.5347, 108.41102
7283.1533, -5039.172, 91.53133
7278.529, -5028.5957, 84.444855
7269.849, -4989.4497, 67.79623
7274.8804, -5079.929, 100.87778
7266.5063, -5075.193, 110.1759
7282.526, -5021.8525, 104.94853
7289.8203, -4987.6753, 97.91742
7290.531, -5007.3833, 105.79098
7287.7847, -5048.012, 123.999664
7285.687, -4996.379, 117.77211
7278.708, -5003.7534, 127.11084
7277.186, -5034.01, 142.48015
7279.669, -5060.567, 160.89879
7287.462, -4966.447, 139.93918
7284.582, -4910.0605, 121.95107
7282.1816, -4917.672, 120.80817
7282.118, -4924.1133, 120.8131
7276.6973, -4883.158, 109.55518
7276.341, -4890.5923, 112.45685
7284.188, -4905.255, 121.0295
7291.9663, -4933.8257, 137.51022
7294.056, -4841.6206, 116.2535
7295.111, -4817.243, 107.5795
7287.1484, -4814.8247, 104.56975
7283.0825, -4827.8887, 109.85165
7273.5684, -4759.689, 89.324905
7279.5396, -4738.4927, 83.02541
7294.898, -4805.086, 110.284904
7301.2686, -4754.5347, 96.43043
7288.99, -4705.7646, 79.640175
7283.036, -4696.3237, 73.84552
7276.8306, -4720.6245, 83.013756
7271.6943, -4743.0566, 94.24393
7270.245, -4690.0166, 85.970726
7276.915, -4650.1816, 75.71979
7287.154, -4682.714, 88.99545
7296.2817, -4704.0566, 101.82329
7292.3027, -4730.176, 115.89672
7288.043, -4674.2686, 106.08813
7285.1143, -4640.7227, 99.919365
7286.5356, -4611.4707, 91.03907
7280.692, -4591.6943, 84.98557
7286.097, -4600.7847, 90.376945
7291.538, -4632.5845, 105.13002
7292.836, -4660.7573, 123.592445
7273.9673, -4686.5063, 141.54356
7281.3457, -4621.641, 134.81433
7285.4443, -4562.7554, 121.033035
7284.0547, -4539.066, 110.6119
7275.7715, -4527.9053, 106.777306
7278.197, -4506.3066, 95.584015
7278.9463, -4517.871, 97.96113
7279.466, -4543.377, 110.04409
7275.311, -4584.8374, 132.32857
7268.374, -4490.4863, 111.885635
7280.8735, -4458.787, 106.665054
7287.964, -4469.4634, 110.855705
7287.366, -4516.6655, 128.97438
7283.4814, -4476.2437, 121.632835
7283.424, -4509.3022, 137.70251
7292.258, -4466.2183, 131.55438
7295.1504, -4455.549, 131.51114
7296.641, -4379.4854, 110.28911
7291.734, -4344.0713, 98.18808
7286.5938, -4328.8584, 91.87667
7285.506, -4347.446, 95.97723
7278.216, -4370.4595, 103.84108
7281.6685, -4292.6343, 80.92247
7291.973, -4293.796, 80.098274
7301.011, -4336.009, 94.70085
7294.9004, -4297.935, 90.61993
7288.913, -4283.372, 90.2134
7293.976, -4281.765, 93.14041
7299.2603, -4288.7925, 97.90702
7301.938, -4269.862, 95.10723
7292.9287, -4207.0195, 76.759155
7288.628, -4213.8857, 76.43147
7293.765, -4263.936, 96.00769
7286.839, -4318.6396, 126.53181
7290.9775, -4275.4785, 127.84791
7295.505, -4238.803, 123.91177
7300.7324, -4220.405, 122.14421
7301.6714, -4213.483, 123.21556
7297.2427, -4208.5474, 125.17811
7292.9414, -4169.3022, 114.18077
7292.532, -4159.7666, 111.973694
7288.771, -4179.531, 122.897026
7271.805, -4183.3486, 126.530846
7288.1465, -4116.1816, 108.37227
7300.3467, -4115.38, 110.0803
7299.239, -4124.624, 114.788536
7278.1045, -4096.7593, 110.1724
7278.884, -4079.8123, 105.84556
7287.5146, -4092.2043, 114.02298
7285.889, -4072.7737, 110.23574
7290.3267, -4107.5366, 123.50421
7286.1875, -3991.5188, 91.70158
7288.284, -3954.906, 76.72455
7289.9277, -3977.641, 80.73057
7273.7954, -4007.403, 91.32936
7279.28, -3985.1533, 90.81064
7285.1973, -4000.9607, 102.792145
7292.174, -4016.1045, 114.735825
7291.388, -4000.1555, 117.05583
7285.597, -3988.9922, 122.96946
7288.829, -3915.0618, 105.30877
7288.797, -3911.404, 101.89071
7283.171, -3898.944, 98.12893
7278.5503, -3956.285, 119.344826
7290.7515, -3929.6025, 120.26509
7294.9375, -3912.9185, 121.308716
7297.051, -3857.153, 109.509056
7290.8643, -3848.236, 104.37208
7293.8574, -3840.5137, 102.132835
7286.6577, -3837.9812, 101.575035
7286.719, -3833.1902, 99.409004
7278.6553, -3807.9539, 94.76179
7283.1445, -3758.5999, 81.525055
7294.86, -3771.138, 85.84481
7298.7393, -3802.115, 98.73157
7292.539, -3766.66, 95.30672
7286.698, -3732.7373, 90.44729
7298.194, -3746.4526, 98.327995
7292.7236, -3700.3198, 85.369316
7290.7227, -3688.0308, 79.19531
7290.2676, -3701.9695, 84.84619
7294.239, -3719.8044, 94.90333
7297.003, -3743.2502, 109.22899
7272.4478, -3738.3953, 119.444145
7290.0425, -3681.8447, 112.290344
7300.4966, -3671.443, 113.91393
7293.3057, -3623.6887, 100.139206
7289.0903, -3631.3003, 101.34858
7280.0127, -3655.4016, 109.315285
7281.0156, -3616.3135, 99.414635
7295.384, -3652.3477, 113.557495
7290.39, -3626.8674, 114.16496
7292.24, -3603.775, 116.18952
7301.042, -3558.4382, 106.152756
7306.2944, -3572.742, 112.26249
7298.585, -3568.6218, 113.78921
7289.039, -3593.1377, 124.66452
7294.6147, -3557.2776, 118.77891
7299.7007, -3542.2595, 117.76512
7295.443, -3515.7063, 111.91893
7305.327, -3462.0518, 97.746994
7302.194, -3457.9966, 95.09784
7303.5283, -3495.2112, 107.682396
7296.944, -3487.1653, 107.421104
7286.646, -3444.1606, 96.751175
7299.5693, -3458.376, 107.301
7301.3374, -3450.954, 108.37273
7294.458, -3397.944, 94.326355
7299.245, -3328.3125, 69.66118
7299.2188, -3358.8958, 76.67479
7296.462, -3380.5037, 85.35058
7304.271, -3383.8037, 90.21646
7302.946, -3332.036, 79.12801
7304.865, -3303.864, 71.57728
7307.331, -3325.0422, 79.85098
7307.604, -3346.4966, 89.67542
7296.1045, -3305.2114, 81.45369
7296.5317, -3319.0068, 91.54153
7297.386, -3296.0186, 89.52612
7295.818, -3283.2354, 88.714386
7300.6465, -3293.5166, 95.54396
7297.4575, -3254.488, 90.97017
7299.7266, -3250.9275, 93.1576
7302.49, -3285.3186, 107.02892
7303.0835, -3302.5781, 118.6548
7294.3823, -3284.38, 122.880035
7282.586, -3247.188, 117.272285
7298.0474, -3206.5032, 108.53037
7311.7603, -3200.7996, 107.24313
7311.081, -3121.0344, 85.38036
7303.076, -3198.3662, 109.31383
7306.6826, -3186.7395, 111.20706
7301.692, -3157.3108, 107.28201
7303.835, -3163.2122, 108.983055
7302.8345, -3110.8057, 95.709984
7310.358, -3085.228, 88.706314
7309.292, -3093.1091, 88.4997
7305.629, -3071.881, 85.07146
7298.116, -3114.0325, 103.721146
7304.6416, -3095.368, 107.56488
7308.6343, -3109.6592, 119.18152
7315.603, -3116.9285, 128.98973
7300.9897, -2980.6875, 89.258865
7306.425, -2982.2512, 87.547035
7296.937, -2978.275, 84.75816
7296.01, -2947.3635, 72.84309
7287.955, -2944.1938, 69.49338
7302.88, -2941.435, 71.07514
7308.718, -2944.2366, 75.498245
7303.679, -2904.4553, 65.733795
7302.9014, -2860.605, 52.796974
7310.2954, -2917.8577, 73.13671
7301.897, -2902.9326, 76.37789
7301.1445, -2869.3533, 68.5297
7307.357, -2845.9338, 63.3408
7303.818, -2841.605, 64.03212
7311.491, -2892.3267, 84.700615
7302.1216, -2862.8215, 86.2344
7301.978, -2844.029, 87.86348
7305.587, -2854.5312, 95.491425
7306.9795, -2851.7615, 101.960464
7302.9287, -2814.4966, 95.93313
7298.383, -2788.5151, 87.97471
7303.9546, -2824.328, 101.04957
7308.5103, -2849.6113, 114.68982
7302.554, -2798.9893, 108.567955
7302.8813, -2775.4238, 105.9902
7306.021, -2748.5576, 100.58978
7307.717, -2702.1064, 88.682625
7317.341, -2734.5642, 96.91465
7309.488, -2629.8467, 61.8651
7308.292, -2648.2383, 62.41637
7308.758, -2610.3003, 49.007084
7307.0913, -2595.7273, 42.510403
7310.912, -2582.9749, 36.334164
7307.046, -2568.8237, 30.468925
7305.242, -2526.777, 30.468925
7329.0825, -2511.7935, 20.616488
7297.491, -2646.5002, 62.28664
7291.944, -2686.3494, 91.35145
7322.5923, -2514.2021, 49.414474
