11075.009, -6980.9175, 80.02768
11081.331, -6955.1865, 70.776596
11077.632, -6967.619, 73.21513
11066.641, -6987.13, 77.53047
11067.531, -7008.1064, 85.90502
11065.34, -6995.1494, 83.97844
11073.372, -6986.7075, 82.412025
11072.156, -6968.0513, 75.475426
11079.214, -6972.708, 76.368965
11072.751, -6996.1045, 83.28761
11063.947, -6981.763, 79.615005
11062.516, -6956.0024, 74.04179
11063.737, -6962.6426, 72.77008
11064.251, -7009.7866, 87.184746
11068.825, -7019.734, 92.333885
11077.445, -6995.366, 88.50111
11073.367, -6946.344, 73.44825
11069.126, -6926.4043, 63.049145
11060.326, -6955.7295, 66.444
11058.204, -7005.1143, 79.80104
11063.855, -6996.237, 80.00849
11075.418, -6963.61, 72.35638
11077.106, -6944.064, 66.03667
11079.215, -6967.8174, 72.46008
11075.256, -6973.4136, 73.22626
11075.862, -6973.6226, 72.65493
11078.81, -6965.926, 71.6595
11074.224, -6991.029, 79.62698
11079.926, -6968.6084, 74.26755
11078.514, -6979.7617, 76.52417
11073.784, -6956.7764, 69.13161
11070.758, -6961.7437, 68.56843
11067.642, -6936.308, 59.875004
11067.294, -6988.5312, 73.60773
11073.293, -6996.0474, 78.15258
11058.153, -7043.125, 96.3629
11048.616, -7024.388, 97.74454
11038.42, -7009.8535, 97.91688
11021.815, -6968.4795, 84.28478
10996.603, -6941.635, 74.50258
10992.277, -7007.609, 91.59171
10975.199, -7014.5503, 90.80706
10972.634, -7002.1562, 90.23149
10960.511, -6989.7666, 88.36459
10941.791, -6956.5405, 78.88067
10937.461, -6985.747, 84.98658
10920.721, -7024.405, 93.83432
10914.161, -7033.617, 97.3499
10920.149, -7012.754, 96.92833
10911.939, -6993.57, 92.909935
10891.965, -6952.813, 78.722664
10874.189, -6963.407, 78.69342
10867.384, -7000.675, 89.940994
10855.177, -6994.295, 87.10303
10857.436, -7019.237, 97.67594
10845.523, -6981.847, 87.82089
10828.084, -6943.6147, 69.86001
10808.241, -6998.532, 85.11533
10797.776, -7009.1685, 88.91698
10788.288, -6959.9995, 76.03998
10776.687, -6928.452, 64.14839
10774.103, -6961.9185, 68.84151
10765.694, -6956.728, 65.55396
10752.083, -6985.5303, 76.07603
10743.457, -6980.5234, 75.34421
10739.238, -6988.453, 78.309586
10726.892, -6975.6655, 76.6655
10706.474, -6952.5522, 64.15832
10690.704, -7001.8535, 79.39575
10686.125, -6987.4004, 77.86861
10677.803, -6964.3145, 70.79716
10666.647, -6967.921, 73.324326
10646.148, -7023.418, 91.62242
10631.052, -7031.8765, 95.44104
10623.471, -7019.012, 97.34239
10615.474, -6962.827, 80.13851
10603.995, -6921.4575, 63.74349
10598.063, -6950.771, 66.826035
10584.42, -7000.4966, 78.39788
10569.4375, -7028.5312, 89.07839
10562.4, -7000.9824, 86.15706
10553.541, -6929.3423, 63.201935
10543.824, -6944.5073, 63.59409
10523.629, -6991.8354, 71.320496
10511.332, -7028.774, 85.29106
10501.394, -7034.6963, 93.43576
10500.506, -6958.795, 72.08172
10489.144, -6940.913, 65.44184
10472.698, -6948.033, 64.312294
10453.593, -7000.075, 76.69282
10446.655, -7049.653, 96.14584
10439.093, -7047.7754, 103.39736
10430.316, -6966.9624, 81.08973
10415.617, -6972.999, 80.31228
10402.65, -7005.23, 86.335785
10387.929, -7037.676, 97.74334
10385.553, -6984.4424, 85.220825
10375.736, -6928.3335, 63.1833
10364.009, -6944.24, 61.726234
10349.75, -6987.9937, 73.558525
10334.728, -7026.152, 84.81969
10327.253, -7035.957, 92.54243
10326.799, -6976.685, 79.04161
10315.321, -6943.74, 66.59826
10290.922, -6968.141, 69.86547
10278.979, -7016.1914, 82.84837
10269.133, -7038.4814, 92.630486
10266.704, -6982.735, 79.502914
10259.074, -6960.089, 73.72859
10234.012, -6994.623, 82.732216
10213.388, -6988.0835, 78.09168
10217.724, -6995.0703, 80.45474
10215.574, -7001.845, 84.743416
10208.973, -6971.8164, 78.90986
10191.081, -6945.1626, 67.44991
10171.806, -6973.6562, 69.27814
10154.439, -7007.086, 76.78382
10156.386, -6996.8237, 76.96416
10153.945, -6988.711, 76.75583
10145.416, -6947.1597, 67.61239
10129.31, -6948.049, 63.970432
10100.654, -6978.8164, 69.82078
10091.9375, -7015.7764, 81.0747
10093.719, -6987.9077, 74.65362
10088.842, -6956.5947, 63.417927
10065.817, -6924.0264, 50.681614
10065.344, -6970.3574, 60.240574
10041.561, -7019.963, 75.78655
10032.876, -6978.269, 66.77686
10032.861, -6958.5205, 63.40486
10018.331, -6922.3037, 52.340954
9992.046, -6948.7056, 54.382957
9975.374, -7002.907, 68.6257
9977.776, -7009.46, 75.398796
9972.67, -6965.912, 65.41051
9959.693, -6952.2, 62.44748
9946.327, -6919.696, 45.9929
9928.628, -6987.241, 61.272736
9918.1045, -7026.7114, 75.45092
9911.889, -6993.5303, 71.266914
9910.493, -6947.072, 61.170013
9891.815, -6938.1606, 56.15595
9883.518, -6957.847, 59.510544
9876.318, -6965.827, 58.86511
9863.374, -7000.2134, 70.82824
9863.342, -7014.366, 83.005
9856.915, -6958.738, 70.178604
9834.864, -6970.412, 72.19595
9808.578, -7004.3438, 79.96612
9800.468, -7013.101, 83.59892
9795.004, -7004.913, 83.95469
9795.5625, -6962.284, 71.06098
9781.482, -6930.284, 58.17618
9765.133, -6953.69, 59.886116
9758.35, -7057.3833, 94.55287
9753.24, -7007.4785, 84.290596
9751.07, -6999.2676, 85.11409
9737.352, -6991.427, 86.38619
9724.206, -6964.8345, 76.36916
9702.597, -6986.1724, 80.94559
9697.02, -7063.635, 108.37953
9691.115, -7013.8784, 95.022606
9676.168, -7004.3755, 95.14014
9673.909, -6948.956, 76.32936
9660.168, -6965.061, 77.50689
9644.469, -7033.445, 97.94826
9639.315, -7077.8677, 118.74645
9639.907, -7028.928, 109.69523
9626.807, -6981.765, 92.60777
9606.472, -6996.7876, 92.35253
9601.064, -6971.1855, 81.59695
9590.199, -7005.181, 90.89879
9586.0625, -7056.6367, 111.53722
9570.705, -7058.006, 114.31746
9571.145, -7010.8906, 103.77946
9556.135, -6945.724, 81.03806
9537.826, -6927.107, 68.73197
9526.045, -7018.7363, 91.33795
9517.909, -7003.8936, 85.83428
9510.753, -7019.741, 93.78833
9501.248, -7032.353, 103.36183
9490.039, -6997.294, 94.84888
9472.856, -6937.7676, 72.42084
9467.363, -7001.647, 89.62342
9460.187, -7021.289, 96.64517
9444.855, -7021.4546, 101.17332
9428.707, -6973.713, 86.35609
9411.121, -6993.3384, 89.40946
9406.625, -7019.411, 96.222336
9407.782, -7043.76, 107.758446
9401.295, -7034.6963, 109.20598
9373.931, -7002.971, 100.67607
9358.226, -7003.697, 98.20365
9349.278, -7048.484, 112.545845
9347.901, -7047.5376, 118.32438
9338.066, -7010.286, 106.13818
9333.582, -7006.1807, 103.43667
9306.851, -6967.086, 86.17324
9282.0205, -6989.8096, 87.29995
9282.08, -7004.3394, 92.99595
9279.866, -7011.401, 94.369415
9258.8955, -6968.8545, 80.048935
9253.225, -6957.601, 75.10209
9233.886, -6927.639, 58.558372
9226.288, -6957.942, 64.3246
9218.722, -6983.6133, 73.82461
9206.062, -6974.3076, 72.40878
9186.5, -6962.213, 66.359184
9179.834, -6962.5645, 64.40136
9166.96, -7015.221, 83.7684
9159.363, -7000.557, 85.63102
9153.753, -6975.049, 80.01004
9144.244, -6954.64, 72.349525
9101.139, -6977.886, 70.24359
9108.491, -6977.8486, 70.413
9104.383, -6989.751, 77.499016
9102.325, -6992.837, 81.867
9083.174, -6978.4297, 76.86978
9072.162, -6961.2686, 71.780685
9058.801, -6963.63, 68.77835
9045.05, -7021.307, 86.326805
9037.768, -6992.9995, 83.83618
9022.907, -6971.516, 75.36509
9012.843, -6954.7935, 68.4345
9000.703, -6948.595, 61.67484
8986.781, -7024.2773, 84.20415
8972.267, -7002.4414, 84.76628
8976.92, -6975.246, 80.28293
8962.718, -6951.213, 69.74926
8947.138, -6942.815, 62.420944
8931.564, -6986.292, 72.89134
8927.761, -7007.798, 82.20139
8921.059, -6981.3145, 77.7791
8909.863, -6981.051, 78.68471
8894.1875, -6940.0474, 61.823086
8886.173, -6948.7417, 60.82826
8876.934, -6970.385, 64.151306
8869.713, -7005.991, 78.27186
8862.127, -7001.07, 82.15136
8854.467, -6987.7954, 82.37343
8837.702, -6956.953, 71.28093
8823.618, -6934.0195, 58.817013
8817.047, -6966.9775, 65.6524
8812.384, -6988.1226, 72.6788
8795.459, -6955.1553, 65.13269
8784.14, -6956.3774, 65.37736
8764.673, -6911.6777, 47.263443
8756.615, -6937.3267, 52.099236
8753.56, -6975.898, 62.62585
8739.431, -6969.14, 64.0361
8735.496, -6977.9297, 68.9686
8715.516, -6940.881, 57.695522
8696.856, -6923.5576, 49.425365
8688.389, -6959.557, 57.407116
8679.336, -6951.9136, 56.136513
8672.25, -6933.295, 50.628666
8664.371, -6934.2686, 48.45441
8651.854, -6926.6064, 42.90594
8635.255, -6939.036, 44.524536
8628.488, -6967.3896, 54.40243
8609.562, -6933.675, 45.543545
8605.944, -6955.707, 53.097786
8595.366, -6962.292, 53.79378
8583.678, -6939.9277, 47.738663
8572.39, -6935.9424, 47.728703
8560.315, -6960.972, 55.887306
8554.209, -6979.7373, 67.455696
8541.242, -6934.5435, 52.332462
8537.16, -6958.1733, 57.990936
8522.926, -6955.4746, 58.48727
8514.565, -6965.467, 62.314617
8497.573, -6945.6245, 55.887897
8483.107, -6913.0137, 43.678825
8485.504, -6960.514, 58.63158
8472.885, -6945.3823, 50.93638
8458.691, -6938.811, 48.86329
8455.409, -6975.0757, 64.20609
8429.054, -6939.61, 53.34676
8417.125, -6912.3223, 42.000717
8413.042, -6924.867, 41.07426
8399.875, -6958.526, 49.1627
8399.25, -6989.7935, 66.36633
8387.148, -6961.9863, 61.763275
8375.957, -6963.797, 65.06899
8371.504, -6957.9536, 64.00912
8362.017, -6966.838, 67.79262
8340.446, -6948.288, 59.633976
8324.596, -6945.242, 57.803318
8317.953, -6972.4004, 65.43879
8311.808, -6965.6753, 65.073296
8306.587, -6997.6025, 77.961845
8294.303, -7001.3535, 83.121254
8283.742, -6984.6104, 81.84152
8266.432, -6968.0557, 76.75644
8240.2, -6896.022, 47.147305
8242.929, -6937.7153, 54.873486
8244.581, -6998.528, 75.58757
8226.87, -7001.2007, 82.09697
8205.754, -6952.6274, 65.237885
8186.1997, -6907.62, 49.410957
8185.0938, -6924.502, 50.689617
8183.4634, -7006.695, 78.031975
8178.9233, -7025.4404, 90.21713
8164.615, -6997.5405, 85.99435
8143.2393, -6955.8413, 70.91659
8131.2925, -6929.761, 58.480457
8130.0205, -6960.3203, 63.26483
8126.7925, -6995.5176, 76.74371
8120.9595, -7013.5005, 89.10668
8097.669, -6989.5938, 84.71513
8069.701, -6936.0356, 63.252155
8068.1616, -6942.5884, 60.73183
8067.314, -6982.629, 73.54034
8055.127, -6995.2246, 78.37102
8043.882, -6981.573, 76.160805
8027.4214, -6980.346, 74.28173
8019.551, -6952.461, 63.072094
8014.7974, -6966.3936, 68.23925
8005.6724, -7009.9604, 83.71057
7991.6284, -7010.3467, 88.10162
7979.855, -7005.8354, 89.85764
7962.68, -6973.8657, 77.7253
7947.2915, -6907.687, 55.81094
7944.202, -6965.9663, 68.06125
7945.5615, -7021.8677, 87.369965
7935.1997, -7027.195, 93.25385
7922.391, -7003.2793, 90.17885
7899.9937, -6953.835, 74.1823
7889.9756, -6913.233, 58.243507
7884.8535, -6939.8394, 62.822205
7882.5596, -7009.034, 85.011284
7858.5757, -6974.0073, 75.938095
7843.8604, -6972.613, 75.81137
7825.969, -6916.941, 55.286446
7820.353, -6951.9517, 62.46009
7814.789, -6995.434, 76.38557
7799.1597, -6959.3853, 66.75356
7786.327, -6952.3374, 62.444374
7775.3735, -6951.636, 59.193577
7767.633, -6938.937, 52.808308
7760.0967, -6966.3975, 61.546722
7746.131, -6972.365, 64.770515
7724.1475, -6945.2666, 55.74308
7714.2954, -6955.586, 58.976803
7714.805, -6951.7065, 58.59214
7700.9033, -6986.5435, 70.735054
7686.227, -6984.7607, 75.05561
7668.5522, -6958.105, 67.66922
7656.0103, -6929.9214, 58.262764
7654.032, -6926.4434, 52.03594
7644.453, -6956.5537, 59.67914
7635.785, -6991.3926, 72.68672
7626.683, -6981.596, 72.096924
7603.271, -6962.483, 67.61774
7594.342, -6935.73, 58.736465
7594.097, -6938.364, 57.447575
7580.2495, -6963.756, 64.11512
7563.0894, -6956.5786, 60.60382
7548.8413, -6959.699, 61.758488
7540.22, -6954.6597, 61.121185
7539.021, -6951.536, 59.532043
7524.3564, -6971.55, 65.07518
7512.2563, -6984.126, 71.24343
7491.556, -6963.341, 66.24984
7480.781, -6953.925, 63.756863
7476.3115, -6942.9966, 59.73293
7468.796, -6964.49, 64.27674
7451.5103, -6990.5996, 73.6422
7437.5557, -6980.4844, 72.89898
7417.193, -6954.4683, 68.056755
7416.8086, -6934.481, 59.061153
7399.259, -6985.563, 73.00091
7392.913, -6972.258, 70.41164
7386.6235, -6975.5874, 72.932724
7365.2974, -6972.5093, 72.77024
7358.683, -6953.198, 66.74758
7359.6216, -6935.8857, 60.087017
7347.107, -6989.199, 73.392395
7332.9727, -6972.511, 69.41678
7326.185, -6993.5107, 80.807846
7308.3125, -6981.8013, 80.471504
7298.2803, -6945.839, 67.22238
7293.415, -6954.8906, 66.45099
7279.085, -6974.86, 69.99082
7266.887, -6974.8994, 70.44833
7240.7915, -6949.5557, 63.78529
7233.719, -6937.534, 59.849052
7239.1, -6929.5073, 54.70531
7229.741, -6948.3916, 56.777184
7218.855, -6957.582, 57.644493
7200.45, -6956.764, 57.70476
7182.764, -6985.9155, 69.10614
7169.2285, -6950.4624, 62.15469
7168.516, -6936.535, 56.262825
7158.903, -6939.409, 56.60844
7141.845, -6963.098, 62.656616
7138.701, -6960.171, 61.246098
7119.2183, -6948.869, 58.34028
7106.837, -6936.0825, 53.33716
7089.788, -6955.7627, 58.346455
7075.788, -6950.609, 56.811054
7067.946, -6967.596, 63.534855
7058.671, -6973.5996, 66.598976
7059.4824, -6973.7773, 70.7521
7051.076, -6947.1196, 61.736393
7031.8657, -6954.6924, 63.630005
7012.325, -6942.1304, 58.93294
7011.2188, -7013.1704, 84.16225
7002.8027, -7014.6934, 89.90087
6996.9883, -6963.036, 76.432755
6979.823, -6990.992, 84.63853
6956.7437, -6959.0996, 74.99271
6950.5615, -7014.799, 93.344894
6935.9014, -6970.7104, 78.77278
6935.791, -6971.2275, 79.03734
6925.9756, -6993.3105, 86.93752
6906.0557, -6942.6523, 70.67711
6894.4453, -6965.5176, 76.73042
6882.4404, -6977.574, 80.46935
6882.013, -6982.0103, 82.716
6883.399, -6944.1533, 71.20188
6868.5854, -6980.483, 82.06282
6840.2085, -6928.3467, 69.47378
6830.902, -7003.7637, 86.2765
6827.3623, -7004.7134, 91.24973
6825.001, -6957.804, 77.63415
6813.91, -6959.111, 77.27867
6792.5664, -6925.8057, 64.28959
6781.135, -6933.909, 61.591816
6776.9033, -6976.051, 75.01291
6781.576, -7001.214, 88.62738
6761.9385, -6979.808, 83.66886
6744.209, -6950.5586, 74.02495
6730.228, -6923.2925, 61.98497
6722.671, -6970.0107, 73.59375
6717.3765, -6996.0557, 85.518265
6705.6636, -6998.3457, 90.26428
6688.176, -6976.479, 84.6915
6668.798, -6900.704, 58.66404
6667.545, -6957.7446, 71.50472
6664.221, -6993.35, 81.79446
6665.164, -7016.2026, 96.71455
6646.8315, -7003.9673, 96.998856
6620.974, -6928.0386, 73.655266
6612.972, -6960.535, 81.414856
6608.229, -6992.7915, 90.61814
6601.5522, -7019.8223, 102.32509
6597.4243, -7032.9443, 112.30724
6571.6396, -6957.806, 91.073395
6559.613, -6938.524, 80.738976
6546.455, -6947.436, 79.857544
6538.0977, -7004.317, 96.43053
6532.0737, -7011.645, 100.87891
6513.741, -6975.831, 92.859085
6502.421, -6933.144, 80.07538
6486.814, -6920.412, 69.21268
6476.6377, -6951.3594, 74.15664
6472.3945, -6988.9336, 85.31848
6451.0645, -6957.34, 75.65203
6440.4834, -6921.159, 62.4226
6432.565, -6917.2485, 55.417164
6423.167, -6959.8423, 64.83639
6416.3247, -6991.576, 77.92375
6410.2188, -6985.269, 81.51592
6392.0444, -6960.4214, 74.75431
6380.825, -6910.2646, 57.43114
6370.052, -6929.1245, 58.240032
6356.9487, -6964.9326, 67.5985
6348.6577, -6984.8765, 77.505905
6343.0415, -6975.808, 80.23409
6327.6245, -6924.4795, 64.11372
6317.9795, -6894.6807, 50.768654
6298.9834, -6923.66, 52.48717
6293.798, -6975.0254, 68.19428
6286.188, -6975.396, 73.519066
6264.767, -6924.477, 57.87457
6257.4507, -6896.475, 46.265903
6248.86, -6893.5664, 38.845306
6238.684, -6947.256, 52.80913
6225.836, -6974.2915, 66.03754
6217.324, -6973.5273, 71.69922
6202.7666, -6927.48, 59.151016
6197.106, -6900.7974, 48.701027
6182.1387, -6933.9746, 52.76602
6171.9526, -6956.3213, 59.561337
6166.597, -6964.8066, 65.92366
6154.757, -6955.683, 67.30829
6139.4854, -6899.564, 49.762234
6126.3223, -6906.3125, 45.603615
6116.541, -6954.499, 56.747818
6108.3403, -6977.088, 65.192154
6092.847, -6951.034, 61.83663
6074.707, -6876.1553, 39.863594
6072.8955, -6878.386, 34.231865
6060.358, -6942.618, 49.05268
6046.6304, -6935.5156, 48.113735
6045.785, -6945.2676, 53.29969
6031.4277, -6932.3105, 52.361313
6017.8975, -6877.9673, 35.533085
6009.808, -6900.9644, 36.82579
5996.288, -6964.4766, 54.519028
5983.4565, -6961.3423, 56.087578
5971.6733, -6949.3755, 60.302643
5952.3965, -6878.979, 39.595955
5946.091, -6852.2817, 25.670948
5941.805, -6916.2705, 36.954548
5929.81, -7005.362, 64.3406
5916.9414, -6970.106, 61.56814
5904.421, -6915.4087, 49.58207
5892.982, -6864.0845, 29.333412
5890.152, -6887.3643, 29.901081
5880.9673, -6939.8545, 43.451817
5864.565, -6945.6353, 47.610664
5847.7173, -6936.7227, 48.566303
5840.7583, -6907.547, 40.982883
5831.6934, -6879.9814, 30.542288
5819.3506, -6915.8804, 37.386932
5802.332, -6914.416, 35.366367
5793.095, -6936.301, 41.659718
5789.3677, -6938.192, 45.9922
5782.8296, -6903.6094, 37.101215
5779.2397, -6888.2847, 32.358665
5765.2744, -6907.799, 34.7967
5747.7173, -6911.217, 36.37038
5732.1445, -6908.0024, 33.862495
5730.288, -6923.9, 39.842197
5728.7314, -6910.606, 38.459835
5720.7993, -6891.029, 30.37663
5703.177, -6935.953, 41.53953
5682.946, -6928.7344, 39.9021
5672.155, -6912.3613, 35.346478
5671.669, -6920.237, 41.430737
5656.5806, -6873.0723, 24.343948
5641.7373, -6902.23, 27.734499
5625.9595, -6933.2124, 36.238773
5610.99, -6899.8027, 26.889616
5610.8633, -6930.5137, 40.251877
5611.9355, -6935.943, 45.492874
5606.0674, -6922.1274, 42.679276
5578.433, -6957.1484, 56.72345
5548.734, -6888.725, 34.61063
5544.3125, -6893.08, 31.635715
5555.238, -6935.1064, 44.97408
5542.845, -6896.8296, 30.704628
5538.2207, -6924.424, 39.023155
5524.6323, -6982.586, 60.937645
5495.9736, -6913.1025, 43.56209
5488.633, -6919.39, 46.44724
5483.76, -6911.0054, 43.56909
5475.405, -6900.9814, 39.50598
5461.603, -6945.821, 51.64647
5444.1133, -6921.336, 45.612568
5427.2856, -6893.951, 36.029247
5430.6665, -6913.275, 40.73939
5414.9365, -6912.0967, 37.068302
5401.562, -6936.584, 43.669044
5377.6953, -6893.9946, 28.227787
5365.1523, -6882.174, 23.14627
5364.262, -6893.3745, 21.986397
5367.801, -6926.3877, 33.754917
5354.1494, -6938.1265, 38.97705
5339.635, -6960.5073, 52.311665
5317.237, -6921.9785, 43.47216
5310.563, -6898.333, 35.642376
5313.891, -6913.974, 38.9441
5307.753, -6943.22, 47.376503
5287.045, -6953.438, 51.772873
5267.832, -6938.51, 49.945194
5254.0815, -6904.671, 39.308487
5251.9517, -6921.548, 43.850716
5254.2734, -6948.838, 53.562397
5251.3193, -6954.0356, 58.676674
5233.249, -6952.923, 59.382675
5215.013, -6962.8774, 65.79621
5193.1855, -6923.3037, 53.644012
5189.56, -6914.1787, 48.191967
5192.89, -6948.778, 56.028152
5188.685, -6976.4077, 68.77013
5165.993, -6970.846, 71.61253
5131.335, -6879.949, 42.744335
5130.4126, -6906.7427, 45.16945
5133.4546, -6952.2666, 56.73591
5135.6733, -6972.989, 65.39023
5117.348, -6965.736, 66.27337
5094.248, -6955.722, 64.55039
5075.3574, -6933.832, 56.900543
5073.6035, -6947.412, 61.33821
5073.2495, -6967.9883, 67.85842
5066.221, -6984.4385, 74.55161
5041.7114, -6964.005, 70.36849
5021.654, -6927.8486, 60.050106
5015.441, -6930.252, 57.00787
5015.3467, -6956.024, 62.536198
5002.0674, -6935.2305, 51.844463
4991.7056, -6964.666, 62.55626
4971.2793, -6962.1523, 65.72223
4954.6714, -6930.39, 55.711834
4951.6006, -6947.8013, 59.475933
4948.004, -6967.74, 65.531456
4931.878, -6962.648, 65.39519
4908.6343, -6929.5107, 56.375416
4893.177, -6921.3877, 48.7436
4897.787, -6961.96, 61.164307
4895.675, -6939.6104, 56.582893
4889.943, -6971.687, 65.82199
4859.1816, -6914.727, 47.31526
4841.94, -6910.82, 44.263668
4831.0586, -6909.0576, 41.370323
4825.736, -6914.948, 40.9725
4823.3394, -6911.0615, 36.843914
4803.7188, -6886.5337, 25.543793
4789.577, -6895.5513, 25.695383
4777.8765, -6920.033, 33.21698
4767.1904, -6908.1816, 28.140306
4763.971, -6903.893, 27.740982
4734.4233, -6872.789, 20.369951
4723.578, -6898.9536, 22.661737
4720.542, -6939.8115, 39.82073
4713.503, -6915.0967, 33.73135
4703.2188, -6904.704, 31.285957
4688.0845, -6899.1763, 31.22583
4660.273, -6899.705, 27.492117
4644.4526, -6900.682, 25.486118
4644.991, -6892.4014, 22.826328
4643.5273, -6898.4404, 23.463053
4638.7764, -6906.007, 26.458397
4615.052, -6883.7085, 18.981936
4592.969, -6930.693, 33.945232
4589.401, -6928.6543, 34.5265
4581.3276, -6907.49, 29.119286
4579.3555, -6917.347, 33.844006
4565.1396, -6930.45, 39.881783
4540.0327, -6939.4116, 44.860367
4532.9077, -6965.144, 56.20515
4522.3237, -6917.6353, 41.33554
4518.0684, -6898.081, 33.533722
4512.5786, -6916.806, 39.011234
4496.843, -6929.9766, 43.958393
4477.884, -6926.3105, 42.542023
4471.7764, -6954.8145, 53.06529
4466.963, -6929.2134, 44.791695
4457.855, -6913.1826, 38.305126
4447.649, -6940.177, 47.96106
4418.504, -6950.3887, 52.178883
4410.653, -6979.6807, 65.81516
4403.662, -6930.002, 51.983826
4397.076, -6909.6772, 42.68629
4384.4927, -6958.307, 58.19997
4376.3345, -6916.1797, 47.10057
4354.7974, -6926.634, 48.41316
4347.539, -6946.609, 53.192516
4337.9746, -6921.118, 43.760517
4331.0933, -6925.39, 42.142483
4321.0986, -6912.6523, 38.52937
4312.828, -6884.2764, 29.887627
4297.7705, -6901.66, 29.945196
4292.556, -6967.3755, 51.965496
4281.049, -6926.8394, 42.170086
4266.6294, -6888.992, 33.386673
4260.604, -6931.51, 39.675674
4243.628, -6942.8955, 47.51902
4230.1626, -6972.616, 62.14739
4228.355, -6967.3096, 64.84498
4214.0615, -6897.9995, 41.134514
4210.0576, -6894.0903, 32.54186
4186.66, -6921.362, 41.074657
4169.2188, -6930.984, 43.988766
4162.8184, -6966.8076, 57.237362
4157.4795, -6941.5225, 52.204678
4155.102, -6907.526, 38.601746
4131.8975, -6940.088, 48.343513
4116.353, -6931.17, 47.92348
4109.7466, -6948.09, 54.00707
4102.2456, -6948.9697, 54.73722
4088.6233, -6905.2925, 42.960274
4079.0405, -6898.365, 33.755806
4071.6252, -6896.128, 30.210985
4056.2424, -6950.588, 46.299446
4042.3794, -6930.817, 40.493553
4015.8833, -6893.879, 32.127377
4013.3386, -6920.289, 31.622637
4010.6865, -6923.278, 33.276268
3993.1758, -6926.889, 36.48953
3986.0454, -6940.8774, 42.855392
3979.8972, -6948.258, 49.47733
3965.2122, -6893.0625, 30.803246
3948.5847, -6867.279, 24.950949
3956.0874, -6907.5864, 27.92267
3945.6584, -6983.4927, 61.84764
3917.4827, -6955.678, 58.423504
3911.7385, -6923.1255, 49.07981
3902.8909, -6879.4204, 35.046375
3887.8953, -6857.164, 27.456387
3889.0857, -6907.124, 30.213673
3875.0798, -6957.5425, 49.51856
3864.7336, -6960.64, 53.808926
3849.0127, -6937.6997, 50.692577
3828.5269, -6879.7466, 36.48912
3831.1172, -6896.8174, 29.926203
3827.3274, -6988.783, 65.08455
3810.9573, -6967.2695, 62.869728
3796.0159, -6941.517, 59.731693
3771.308, -6929.2734, 59.731693
3756.0293, -6889.1157, 31.386406
3762.7795, -6970.8115, 62.07201
3754.2168, -6971.286, 65.06088
3747.9414, -6957.9146, 65.68843
3732.899, -6962.9478, 65.68843
3705.5613, -6972.0947, 65.68843
3712.657, -6959.817, 65.64169
3692.0332, -6964.5054, 73.21648
3691.4233, -6935.4014, 64.38678
3685.9385, -6896.4775, 51.519176
3654.2551, -6926.0693, 49.334602
3640.37, -6929.968, 46.85573
3645.7278, -7004.1777, 74.850426
3635.3538, -6982.2783, 81.05847
3627.915, -6931.22, 66.86624
3621.3682, -6903.662, 57.52905
3596.261, -6891.701, 42.32088
3587.6514, -6993.1113, 74.33793
3585.0012, -7044.9224, 98.006226
3578.5278, -6985.294, 87.09497
3569.9626, -6929.6533, 72.03443
3544.9207, -6907.9033, 55.954727
3527.7917, -6933.015, 56.7948
3521.7178, -7014.988, 84.60828
3518.72, -7034.38, 98.70987
3514.7515, -6983.135, 89.13954
3507.5176, -6926.821, 71.70709
3485.698, -6878.1675, 46.27301
3474.6448, -6914.8535, 47.76468
3466.4956, -7012.117, 79.796745
3455.5613, -7016.28, 89.34642
3441.5386, -6924.7925, 63.95755
3426.822, -6870.022, 44.766216
3418.498, -6899.8945, 41.440796
3409.6875, -6961.683, 59.70188
3403.5776, -7014.5137, 80.91194
3382.0664, -6928.5537, 56.324665
3369.676, -6879.46, 38.4285
3366.2612, -6906.1323, 42.209084
3354.0159, -6931.054, 49.940826
3343.851, -7030.0986, 85.7779
3324.5676, -6939.7407, 63.53289
3314.6199, -6884.6772, 43.725445
3317.073, -6908.2305, 45.765316
3290.8777, -6959.0503, 58.686394
3276.4866, -7020.3975, 82.75379
3263.2078, -6939.5176, 61.953033
3249.3406, -6876.608, 36.304573
3246.9695, -6859.271, 23.260891
3233.633, -6945.092, 47.320126
3226.8027, -6986.3022, 62.15197
3211.8967, -6972.4375, 64.88524
3194.2122, -6896.77, 41.14421
3185.545, -6862.7256, 25.429943
3183.763, -6848.6787, 18.052502
3166.3838, -6947.1304, 43.11806
3156.8486, -6984.5728, 61.096443
3148.5762, -6931.1504, 48.21417
3130.369, -6884.0737, 38.229336
3132.6213, -6880.5684, 29.003843
3123.7715, -6865.0273, 22.655972
3100.2224, -6938.3174, 41.523197
3096.33, -6934.135, 44.692146
3088.5647, -6911.197, 39.797424
3078.852, -6887.009, 32.938408
3061.8513, -6865.158, 32.938408
3045.7224, -6852.923, 22.759844
3036.6816, -6936.7925, 43.58327
3020.6914, -6932.426, 44.866066
3012.3518, -6881.781, 28.527308
3006.4211, -6892.2036, 28.581968
2974.559, -6958.325, 43.329998
2977.554, -6906.176, 30.892004
2963.3374, -6926.6045, 41.153927
2952.4658, -6889.599, 29.17118
2954.54, -6874.298, 21.497343
2947.7305, -6889.229, 22.86026
2935.464, -6870.468, 16.354012
2924.493, -6869.2046, 12.452836
2907.027, -6889.008, 19.553299
2898.905, -6898.173, 24.445593
2891.9893, -6887.223, 19.87969
2870.6628, -6885.6577, 19.87969
2832.2153, -6882.8354, 19.87969
2855.4136, -6947.968, 43.20966
2843.922, -6896.3164, 30.839458
2834.8606, -6880.6885, 24.430399
2831.1687, -6875.281, 18.923698
2803.3325, -6893.9756, 18.24791
2801.5027, -6898.5864, 18.459295
2794.134, -6927.6978, 31.341175
2780.7646, -6913.1646, 33.073135
2771.6694, -6892.8735, 28.603266
2768.345, -6875.3037, 19.149395
2738.6882, -6870.6675, 10.21136
2730.694, -6934.444, 28.552134
2712.9893, -6869.7773, 13.646906
